state_id,policy_id,n_evac_vehicles,n_evac_arrived,arrival_rate,tt_mean,tt_median,tt_p90,tt_max,tt_min,depart_mean,arrive_mean,arrive_p90,links_mean,links_p90,maxseq_mean,maxseq_p90,src_file
0,0,7000.0,1426.0,0.2037142857142857,1826.227910238429,1802.0,2749.5,5601.0,89.0,47091.284011220196,48917.51192145862,50093.5,23.758064516129032,35.0,22.887096774193548,34.0,evac-only_sorted_2026shelterseek_0_0_trajectory.csv
0,1,7000.0,1405.0,0.2007142857142857,2063.4832740213524,2151.0,2945.2000000000007,4494.0,123.0,47095.928113879,49159.411387900356,50188.2,20.592170818505338,31.0,19.770818505338077,30.0,evac-only_sorted_2026shelterseek_0_1_trajectory.csv
0,2,7000.0,1165.0,0.16642857142857143,2003.6197424892705,2088.0,2783.6000000000004,5612.0,54.0,47138.6660944206,49142.28583690987,50225.6,25.008583690987123,49.0,24.071244635193132,48.0,evac-only_sorted_2026shelterseek_0_2_trajectory.csv
0,3,7000.0,1665.0,0.23785714285714285,1908.195795795796,1940.0,2815.000000000001,3702.0,73.0,47102.23243243243,49010.42822822823,50072.0,18.026426426426426,26.600000000000136,17.092492492492493,25.600000000000136,evac-only_sorted_2026shelterseek_0_3_trajectory.csv
0,4,7000.0,1476.0,0.21085714285714285,2019.7743902439024,2073.5,2921.0,4858.0,108.0,47093.431571815716,49113.20596205962,50191.5,20.99390243902439,31.0,20.048780487804876,30.0,evac-only_sorted_2026shelterseek_0_4_trajectory.csv
0,5,7000.0,1352.0,0.19314285714285714,1584.3831360946745,1421.5,2697.0,4933.0,77.0,47071.33949704142,48655.722633136094,49895.9,18.827662721893493,22.0,17.86612426035503,21.0,evac-only_sorted_2026shelterseek_0_5_trajectory.csv
0,6,7000.0,1086.0,0.15514285714285714,1755.5699815837938,1744.0,2563.5,4749.0,83.0,47131.10036832413,48886.670349907916,50008.0,23.03499079189687,31.0,22.12523020257827,31.0,evac-only_sorted_2026shelterseek_0_6_trajectory.csv
0,7,7000.0,1619.0,0.2312857142857143,1955.7813465101915,1993.0,2907.4,5351.0,106.0,46994.20753551575,48949.988882025944,50066.4,18.52316244595429,29.0,17.70166769610871,28.0,evac-only_sorted_2026shelterseek_0_7_trajectory.csv
0,8,7000.0,1118.0,0.15971428571428573,1888.545617173524,1800.0,2985.9,4835.0,57.0,46966.59123434705,48855.136851520576,50148.6,23.935599284436492,32.0,22.955277280858677,31.0,evac-only_sorted_2026shelterseek_0_8_trajectory.csv
0,9,7000.0,1523.0,0.21757142857142858,2094.945502298096,2162.0,2945.0,5307.0,60.0,47054.644780039394,49149.59028233749,50192.8,23.564018384766907,41.0,22.82403151674327,40.0,evac-only_sorted_2026shelterseek_0_9_trajectory.csv
0,10,7000.0,1752.0,0.2502857142857143,1743.5336757990867,1609.5,2748.9,4665.0,132.0,47134.35673515982,48877.890410958906,50021.9,23.49486301369863,38.0,22.694634703196346,37.0,evac-only_sorted_2026shelterseek_0_10_trajectory.csv
0,11,7000.0,1334.0,0.19057142857142856,1934.3088455772113,1905.5,2882.0,4558.0,82.0,47069.511994003,49003.82083958021,50190.7,23.097451274362818,30.0,22.278110944527736,30.0,evac-only_sorted_2026shelterseek_0_11_trajectory.csv
0,12,7000.0,1551.0,0.22157142857142856,1594.5519019987105,1450.0,2658.0,4677.0,59.0,47101.49774339136,48696.04964539007,49897.0,16.62991618310767,22.0,15.67311411992263,21.0,evac-only_sorted_2026shelterseek_0_12_trajectory.csv
0,13,7000.0,1781.0,0.25442857142857145,1826.948905109489,1736.0,2852.0,5343.0,109.0,47088.194834362715,48915.14373947221,50107.0,18.94329028635598,29.0,18.040426726558113,29.0,evac-only_sorted_2026shelterseek_0_13_trajectory.csv
0,14,7000.0,1710.0,0.24428571428571427,1969.9865497076023,1974.0,2879.1000000000004,4144.0,132.0,47069.066666666666,49039.05321637427,50099.2,22.76374269005848,31.0,22.000584795321636,30.0,evac-only_sorted_2026shelterseek_0_14_trajectory.csv
0,15,7000.0,1110.0,0.15857142857142856,1900.0324324324324,1790.0,2857.2,5093.0,68.0,47110.18108108108,49010.21351351351,50157.0,20.677477477477478,33.0,19.83153153153153,33.0,evac-only_sorted_2026shelterseek_0_15_trajectory.csv
0,16,7000.0,1301.0,0.18585714285714286,2052.1029976940813,2102.0,2921.0,5598.0,63.0,47094.34819369716,49146.451191391236,50256.0,22.578016910069177,34.0,21.769408147578787,33.0,evac-only_sorted_2026shelterseek_0_16_trajectory.csv
0,17,7000.0,1169.0,0.167,1701.6150556030796,1611.0,2676.6000000000004,4448.0,82.0,47146.60307955518,48848.218135158255,50140.6,24.488451668092388,45.0,23.72284003421728,44.0,evac-only_sorted_2026shelterseek_0_17_trajectory.csv
0,18,7000.0,1158.0,0.16542857142857142,1598.0034542314336,1422.5,2673.6,4842.0,44.0,47105.265112262525,48703.268566493956,49953.2,18.673575129533678,31.0,17.686528497409327,30.0,evac-only_sorted_2026shelterseek_0_18_trajectory.csv
0,19,7000.0,1392.0,0.19885714285714284,1863.2931034482758,1870.5,2827.5000000000005,3512.0,122.0,47056.90301724138,48920.19612068965,50122.9,22.40014367816092,34.0,21.494971264367816,33.0,evac-only_sorted_2026shelterseek_0_19_trajectory.csv
0,20,7000.0,927.0,0.13242857142857142,1974.4573894282632,1876.0,3094.2,3774.0,76.0,46951.94390507012,48926.401294498384,50246.8,23.761596548004317,39.0,22.889967637540455,39.39999999999998,evac-only_sorted_2026shelterseek_0_20_trajectory.csv
0,21,7000.0,1721.0,0.24585714285714286,1748.3643230679838,1711.0,2709.0,4526.0,65.0,47072.5787332946,48820.94305636258,50006.0,25.294015107495643,35.0,24.306217315514235,34.0,evac-only_sorted_2026shelterseek_0_21_trajectory.csv
0,22,7000.0,1390.0,0.19857142857142857,1585.7043165467626,1348.0,2598.3,5843.0,81.0,47062.4690647482,48648.17338129496,49760.0,15.716546762589928,22.0,14.915827338129496,23.0,evac-only_sorted_2026shelterseek_0_22_trajectory.csv
0,23,7000.0,1267.0,0.181,2040.6992896606157,2073.0,3023.2000000000003,4116.0,66.0,47096.079715864245,49136.77900552486,50170.4,22.599052880820835,31.0,21.66140489344909,30.0,evac-only_sorted_2026shelterseek_0_23_trajectory.csv
0,24,7000.0,1211.0,0.173,2031.4376548307184,2047.0,2955.0,5676.0,63.0,47009.29562345169,49040.73327828241,50164.0,27.41288191577209,44.0,26.63583815028902,43.0,evac-only_sorted_2026shelterseek_0_24_trajectory.csv
0,25,7000.0,1916.0,0.2737142857142857,1837.1216075156576,1820.0,2679.0,4026.0,59.0,47100.7875782881,48937.90918580376,50009.5,20.626304801670145,30.0,19.64874739039666,29.0,evac-only_sorted_2026shelterseek_0_25_trajectory.csv
0,26,7000.0,1871.0,0.2672857142857143,1940.5489043292357,1866.0,3051.0,5391.0,94.0,47066.832709780865,49007.381614110105,50174.0,17.802779262426508,31.0,16.884553714591128,30.0,evac-only_sorted_2026shelterseek_0_26_trajectory.csv
0,27,7000.0,427.0,0.061,1760.0679156908666,1581.0,3028.6000000000004,4523.0,53.0,46927.19672131148,48687.26463700234,50089.8,28.536299765807964,41.0,27.925058548009368,41.0,evac-only_sorted_2026shelterseek_0_27_trajectory.csv
0,28,7000.0,1819.0,0.25985714285714284,1678.135239142386,1481.0,2746.2000000000003,4290.0,28.0,47121.66739967015,48799.802638812536,50025.2,20.266630016492577,32.0,19.288620120945573,31.0,evac-only_sorted_2026shelterseek_0_28_trajectory.csv
0,29,7000.0,936.0,0.1337142857142857,1928.9754273504273,1875.5,2872.5,5512.0,100.0,47021.21474358974,48950.19017094017,50083.5,25.23931623931624,37.0,24.2767094017094,36.0,evac-only_sorted_2026shelterseek_0_29_trajectory.csv
0,30,7000.0,1982.0,0.28314285714285714,1966.0368314833502,2016.0,2793.0,5584.0,35.0,47108.76286579213,49074.79969727548,50100.8,19.973763874873864,30.0,19.162462159434913,30.0,evac-only_sorted_2026shelterseek_0_30_trajectory.csv
0,31,7000.0,467.0,0.06671428571428571,1562.2098501070664,1505.0,2359.2000000000003,5728.0,82.0,47019.21413276231,48581.42398286938,50021.4,25.25695931477516,44.0,24.505353319057814,43.0,evac-only_sorted_2026shelterseek_0_31_trajectory.csv
0,32,7000.0,1037.0,0.14814285714285713,1720.039537126326,1590.0,2923.8,4984.0,35.0,47078.51591128254,48798.55544840887,49991.2,17.824493731919,22.0,16.868852459016395,21.0,evac-only_sorted_2026shelterseek_0_32_trajectory.csv
0,33,7000.0,2532.0,0.3617142857142857,1798.0995260663508,1760.5,2720.2000000000007,4711.0,68.0,47096.70458135861,48894.80410742496,50019.9,16.377962085308056,29.0,15.40126382306477,28.0,evac-only_sorted_2026shelterseek_0_33_trajectory.csv
0,34,7000.0,1405.0,0.2007142857142857,1848.4925266903915,1733.0,3064.2000000000003,4290.0,47.0,46969.63558718861,48818.128113879,50157.0,25.73238434163701,43.0,24.7644128113879,42.0,evac-only_sorted_2026shelterseek_0_34_trajectory.csv
0,35,7000.0,1478.0,0.21114285714285713,2062.3403247631936,2154.0,2873.3,5068.0,69.0,47089.28687415426,49151.62719891746,50183.3,19.399864682002708,27.0,18.481732070365357,26.0,evac-only_sorted_2026shelterseek_0_35_trajectory.csv
0,36,7000.0,1535.0,0.21928571428571428,1752.3446254071662,1729.0,2743.0,4663.0,137.0,47076.35114006515,48828.695765472316,49820.6,18.504234527687295,25.0,17.527035830618892,24.0,evac-only_sorted_2026shelterseek_0_36_trajectory.csv
0,37,7000.0,1173.0,0.16757142857142857,1715.6837169650469,1563.0,2972.0,4432.0,45.0,47024.07757885763,48739.761295822675,50121.0,21.556692242114238,37.0,20.82693947144075,36.0,evac-only_sorted_2026shelterseek_0_37_trajectory.csv
0,38,7000.0,1081.0,0.15442857142857142,1763.368177613321,1801.0,2649.0,4957.0,66.0,47062.32932469935,48825.69750231267,49839.0,22.220166512488436,33.0,21.44218316373728,33.0,evac-only_sorted_2026shelterseek_0_38_trajectory.csv
0,39,7000.0,1386.0,0.198,1809.8419913419914,1806.0,2858.0,5343.0,59.0,47093.531746031746,48903.37373737374,49967.0,19.675324675324674,34.0,18.694083694083695,33.0,evac-only_sorted_2026shelterseek_0_39_trajectory.csv
1,0,7000.0,1802.0,0.25742857142857145,1813.8340732519423,1804.5,2728.9,5445.0,61.0,47127.53274139845,48941.36681465039,50071.8,17.922308546059934,27.0,16.93729189789123,26.0,evac-only_sorted_2026shelterseek_1_0_trajectory.csv
1,1,7000.0,1525.0,0.21785714285714286,1981.8767213114754,1896.0,3078.000000000001,5264.0,66.0,47069.088524590166,49050.965245901636,50180.6,22.500983606557377,32.0,21.51672131147541,31.0,evac-only_sorted_2026shelterseek_1_1_trajectory.csv
1,2,7000.0,1216.0,0.1737142857142857,1864.9111842105262,1871.0,2747.0,3567.0,69.0,47081.72121710526,48946.63240131579,50076.5,22.88980263157895,32.0,22.015625,32.0,evac-only_sorted_2026shelterseek_1_2_trajectory.csv
1,3,7000.0,2200.0,0.3142857142857143,1858.745,1803.0,2780.1000000000004,4979.0,121.0,47092.13909090909,48950.884090909094,50037.4,20.515454545454546,33.0,19.618181818181817,32.0,evac-only_sorted_2026shelterseek_1_3_trajectory.csv
1,4,7000.0,2095.0,0.29928571428571427,1876.4582338902148,1885.0,2850.6000000000004,4019.0,49.0,47086.23198090692,48962.690214797134,50118.2,17.526968973747017,24.0,16.588544152744632,24.0,evac-only_sorted_2026shelterseek_1_4_trajectory.csv
1,5,7000.0,1460.0,0.20857142857142857,1699.5828767123287,1605.0,2811.0,5178.0,86.0,47072.20958904109,48771.792465753424,50012.3,19.39246575342466,27.0,18.52054794520548,27.0,evac-only_sorted_2026shelterseek_1_5_trajectory.csv
1,6,7000.0,1267.0,0.181,1998.01499605367,2141.0,2868.4,4572.0,116.0,47068.31728492502,49066.33228097869,50190.0,19.931333859510655,30.0,19.0370955011839,30.0,evac-only_sorted_2026shelterseek_1_6_trajectory.csv
1,7,7000.0,1362.0,0.19457142857142856,1952.1505139500734,1950.0,2959.8,4462.0,95.0,47039.65051395007,48991.80102790015,50222.0,20.0359765051395,29.0,19.147577092511014,28.0,evac-only_sorted_2026shelterseek_1_7_trajectory.csv
1,8,7000.0,1247.0,0.17814285714285713,2091.563753007217,2206.0,3129.8000000000006,3596.0,63.0,47036.45549318364,49128.01924619086,50198.0,20.6046511627907,31.0,19.624699278267844,30.0,evac-only_sorted_2026shelterseek_1_8_trajectory.csv
1,9,7000.0,924.0,0.132,1961.7489177489178,1878.0,2978.1000000000004,4141.0,176.0,46938.141774891774,48899.89069264069,50099.4,23.67748917748918,42.0,22.806277056277057,41.0,evac-only_sorted_2026shelterseek_1_9_trajectory.csv
1,10,7000.0,1345.0,0.19214285714285714,1886.0483271375465,1884.0,3001.0,6489.0,46.0,47095.970260223046,48982.018587360595,50162.8,21.234944237918217,36.0,20.475836431226767,36.0,evac-only_sorted_2026shelterseek_1_10_trajectory.csv
1,11,7000.0,1494.0,0.21342857142857144,1768.7329317269077,1703.5,2732.4,5157.0,81.0,47055.88487282463,48824.61780455154,50006.7,19.38152610441767,22.0,18.51070950468541,23.0,evac-only_sorted_2026shelterseek_1_11_trajectory.csv
1,12,7000.0,1210.0,0.17285714285714285,1766.30826446281,1564.5,2901.3,4470.0,47.0,46992.92809917355,48759.236363636366,50163.1,20.474380165289258,32.0,19.60909090909091,31.0,evac-only_sorted_2026shelterseek_1_12_trajectory.csv
1,13,7000.0,1489.0,0.21271428571428572,1893.2068502350571,1875.0,2784.4,3947.0,83.0,47096.91873740766,48990.12558764272,50082.4,23.385493619879114,33.0,22.669576897246476,33.0,evac-only_sorted_2026shelterseek_1_13_trajectory.csv
1,14,7000.0,2027.0,0.2895714285714286,1987.836211149482,2062.0,2882.4,5555.0,56.0,47118.6255550074,49106.461766156885,50161.4,20.838184509126787,31.0,20.101628021706958,31.0,evac-only_sorted_2026shelterseek_1_14_trajectory.csv
1,15,7000.0,695.0,0.09928571428571428,1972.8402877697843,2181.0,2832.6,5578.0,86.0,46987.663309352516,48960.503597122304,50120.6,27.729496402877697,44.0,27.097841726618704,44.0,evac-only_sorted_2026shelterseek_1_15_trajectory.csv
1,16,7000.0,1307.0,0.18671428571428572,1715.470543228768,1562.0,2740.0,4584.0,96.0,47025.388676358074,48740.85921958684,50039.8,21.29992348890589,29.0,20.31293037490436,28.0,evac-only_sorted_2026shelterseek_1_16_trajectory.csv
1,17,7000.0,1056.0,0.15085714285714286,1387.1306818181818,1286.0,2092.0,4299.0,81.0,47093.67424242424,48480.804924242424,49433.5,20.62784090909091,28.0,19.689393939393938,27.0,evac-only_sorted_2026shelterseek_1_17_trajectory.csv
1,18,7000.0,1497.0,0.21385714285714286,1929.9519038076153,1865.0,2930.0,4202.0,57.0,47102.39679358718,49032.34869739479,50178.8,18.470273881095526,27.0,17.576486305945224,26.0,evac-only_sorted_2026shelterseek_1_18_trajectory.csv
1,19,7000.0,1122.0,0.16028571428571428,1760.5008912655971,1739.0,2741.8,3544.0,64.0,47025.353832442066,48785.854723707664,50099.9,23.675579322638146,33.0,22.920677361853834,32.0,evac-only_sorted_2026shelterseek_1_19_trajectory.csv
1,20,7000.0,1157.0,0.16528571428571429,1973.7796024200518,1997.0,3038.4,4496.0,91.0,47043.728608470185,49017.508210890235,50195.2,19.0,34.0,18.083837510803804,34.0,evac-only_sorted_2026shelterseek_1_20_trajectory.csv
1,21,7000.0,1520.0,0.21714285714285714,1629.6730263157895,1511.5,2596.0000000000014,4972.0,93.0,47126.14605263158,48755.81907894737,49982.1,20.193421052631578,28.0,19.715131578947368,29.0,evac-only_sorted_2026shelterseek_1_21_trajectory.csv
1,22,7000.0,947.0,0.1352857142857143,2131.3590285110877,2305.0,2890.0,5389.0,83.0,47117.49102428722,49248.85005279831,50254.4,17.276663146779303,24.0,16.447729672650475,23.0,evac-only_sorted_2026shelterseek_1_22_trajectory.csv
1,23,7000.0,1575.0,0.225,1896.0914285714287,1899.0,2860.0,4249.0,40.0,47005.46412698413,48901.555555555555,50098.8,23.17142857142857,32.0,22.272380952380953,32.0,evac-only_sorted_2026shelterseek_1_23_trajectory.csv
1,24,7000.0,890.0,0.12714285714285714,1879.4393258426967,1807.5,2944.1,6146.0,64.0,46975.95168539326,48855.39101123595,50152.2,30.5,45.0,29.775280898876403,45.0,evac-only_sorted_2026shelterseek_1_24_trajectory.csv
1,25,7000.0,1671.0,0.2387142857142857,1874.0760023937762,1870.0,2833.0,3538.0,64.0,47116.80371035308,48990.87971274686,50119.0,20.43207660083782,30.0,19.535607420706164,29.0,evac-only_sorted_2026shelterseek_1_25_trajectory.csv
1,26,7000.0,1665.0,0.23785714285714285,1845.2786786786787,1861.0,2907.2000000000003,4640.0,30.0,47039.646846846845,48884.92552552553,50100.0,21.35915915915916,31.0,20.525525525525527,30.0,evac-only_sorted_2026shelterseek_1_26_trajectory.csv
1,27,7000.0,1375.0,0.19642857142857142,1997.2007272727274,1968.0,3111.6000000000004,4808.0,71.0,47053.835636363634,49051.03636363636,50153.2,17.359272727272728,32.20000000000027,16.394181818181817,31.200000000000273,evac-only_sorted_2026shelterseek_1_27_trajectory.csv
1,28,7000.0,2133.0,0.3047142857142857,2080.8302859821847,2112.0,2953.8,5430.0,50.0,47125.77402719175,49206.604313173935,50220.6,17.742616033755276,30.0,16.846225972808252,30.0,evac-only_sorted_2026shelterseek_1_28_trajectory.csv
1,29,7000.0,844.0,0.12057142857142857,1810.8601895734598,1788.5,2849.7,4460.0,53.0,47078.2855450237,48889.14573459716,50125.1,25.265402843601894,37.0,24.520142180094787,36.0,evac-only_sorted_2026shelterseek_1_29_trajectory.csv
1,30,7000.0,1945.0,0.27785714285714286,1691.3650385604112,1539.0,2753.0,5223.0,75.0,47094.09100257069,48785.4560411311,49929.2,19.23393316195373,27.0,18.261182519280204,26.600000000000136,evac-only_sorted_2026shelterseek_1_30_trajectory.csv
1,31,7000.0,1164.0,0.1662857142857143,1872.1907216494844,1719.0,3022.4,5329.0,65.0,47008.42697594502,48880.6176975945,50116.7,24.72938144329897,42.0,24.0979381443299,42.0,evac-only_sorted_2026shelterseek_1_31_trajectory.csv
1,32,7000.0,1151.0,0.16442857142857142,1956.1615986099043,1954.0,2865.0,4490.0,55.0,47113.77845351868,49069.940052128586,50166.0,22.77845351867941,30.0,22.04170286707211,29.0,evac-only_sorted_2026shelterseek_1_32_trajectory.csv
1,33,7000.0,1285.0,0.18357142857142858,1741.5929961089494,1575.0,2758.0,5547.0,92.0,47096.815564202334,48838.40856031128,49981.6,23.500389105058368,33.0,22.798443579766538,32.0,evac-only_sorted_2026shelterseek_1_33_trajectory.csv
1,34,7000.0,1290.0,0.18428571428571427,1980.746511627907,1993.0,2991.0,4874.0,31.0,46984.782945736435,48965.52945736434,50175.1,23.186821705426357,40.0,22.250387596899223,39.0,evac-only_sorted_2026shelterseek_1_34_trajectory.csv
1,35,7000.0,1250.0,0.17857142857142858,1846.4688,1726.0,2945.1000000000013,4319.0,73.0,47076.572,48923.0408,50041.3,20.1896,30.0,19.2248,29.0,evac-only_sorted_2026shelterseek_1_35_trajectory.csv
1,36,7000.0,750.0,0.10714285714285714,2052.7226666666666,2127.0,2957.2,3395.0,91.0,47032.732,49085.454666666665,50160.2,20.366666666666667,36.0,19.390666666666668,35.10000000000002,evac-only_sorted_2026shelterseek_1_36_trajectory.csv
1,37,7000.0,756.0,0.108,1575.8915343915344,1518.0,2692.0,4364.0,71.0,46903.915343915345,48479.80687830688,49929.5,25.07936507936508,44.0,24.41269841269841,43.0,evac-only_sorted_2026shelterseek_1_37_trajectory.csv
1,38,7000.0,1516.0,0.21657142857142858,1705.0435356200528,1684.0,2468.5,4244.0,69.0,47142.796833773085,48847.84036939314,49822.5,17.553430079155675,32.0,16.711081794195252,31.0,evac-only_sorted_2026shelterseek_1_38_trajectory.csv
1,39,7000.0,1560.0,0.22285714285714286,1721.3974358974358,1654.5,2792.2000000000003,4341.0,62.0,47078.584615384614,48799.98205128205,50134.1,21.797435897435896,32.0,20.92948717948718,32.0,evac-only_sorted_2026shelterseek_1_39_trajectory.csv
2,0,7000.0,1123.0,0.16042857142857142,1946.026714158504,1952.0,2873.4000000000005,4548.0,123.0,47064.44790739092,49010.47462154942,50109.4,25.006233303650934,36.0,24.086375779162957,35.0,evac-only_sorted_2026shelterseek_2_0_trajectory.csv
2,1,7000.0,1294.0,0.18485714285714286,1765.9173106646058,1656.0,2842.7,5152.0,82.0,47021.13060278207,48787.04791344668,49941.8,19.812982998454405,33.0,18.857805255023184,32.0,evac-only_sorted_2026shelterseek_2_1_trajectory.csv
2,2,7000.0,1227.0,0.1752857142857143,1948.9348003259984,1882.0,2937.4,3987.0,43.0,47036.03667481663,48984.97147514262,50085.4,24.094539527302363,35.0,23.162999185004075,34.0,evac-only_sorted_2026shelterseek_2_2_trajectory.csv
2,3,7000.0,1703.0,0.2432857142857143,1775.6447445684087,1709.0,2819.6,4671.0,46.0,47045.313564298296,48820.958308866706,50030.2,19.0,28.0,18.067527891955372,27.0,evac-only_sorted_2026shelterseek_2_3_trajectory.csv
2,4,7000.0,1145.0,0.16357142857142856,2053.726637554585,2111.0,2986.0,3483.0,94.0,47024.151091703054,49077.87772925764,50218.2,19.927510917030567,31.0,19.051528384279475,30.0,evac-only_sorted_2026shelterseek_2_4_trajectory.csv
2,5,7000.0,1563.0,0.22328571428571428,1647.2642354446577,1537.0,2647.0,3919.0,59.0,47071.78886756238,48719.053103007034,49915.6,19.046065259117082,30.0,18.067178502879077,29.0,evac-only_sorted_2026shelterseek_2_5_trajectory.csv
2,6,7000.0,1325.0,0.18928571428571428,2010.0316981132075,2002.0,3085.6000000000004,3591.0,122.0,47113.61811320755,49123.649811320756,50228.6,24.529811320754717,34.0,23.638490566037735,34.0,evac-only_sorted_2026shelterseek_2_6_trajectory.csv
2,7,7000.0,1177.0,0.16814285714285715,1741.6355140186915,1734.0,2709.0000000000005,4204.0,67.0,47090.48853016143,48832.12404418012,50081.0,23.502124044180118,40.0,22.672047578589634,39.0,evac-only_sorted_2026shelterseek_2_7_trajectory.csv
2,8,7000.0,1272.0,0.18171428571428572,2170.371855345912,2303.5,3087.0,4656.0,63.0,47018.46540880503,49188.83726415094,50211.6,21.69496855345912,32.0,20.72012578616352,32.0,evac-only_sorted_2026shelterseek_2_8_trajectory.csv
2,9,7000.0,1069.0,0.15271428571428572,2086.00187090739,2051.0,3094.0,5436.0,63.0,46970.24134705332,49056.24321796071,50163.4,23.09915809167446,42.0,22.14312441534144,41.0,evac-only_sorted_2026shelterseek_2_9_trajectory.csv
2,10,7000.0,1387.0,0.19814285714285715,1801.5118961788032,1678.0,2757.8,3757.0,121.0,47089.61860129776,48891.130497476566,50046.4,22.935111751982696,30.0,22.030281182408075,29.0,evac-only_sorted_2026shelterseek_2_10_trajectory.csv
2,11,7000.0,1309.0,0.187,1862.3239113827349,1803.0,2773.2,5125.0,94.0,47093.42780748663,48955.75171886937,50081.2,19.75783040488923,27.0,18.796027501909855,26.0,evac-only_sorted_2026shelterseek_2_11_trajectory.csv
2,12,7000.0,1147.0,0.16385714285714287,1904.7916303400175,1979.0,2872.8,5563.0,59.0,47095.6556233653,49000.447253705315,50101.6,18.21272885789015,29.0,17.345248474280734,28.0,evac-only_sorted_2026shelterseek_2_12_trajectory.csv
2,13,7000.0,1378.0,0.19685714285714287,1984.0740203193034,1997.5,2861.0,3506.0,108.0,47130.14586357039,49114.219883889695,50102.9,22.977503628447025,35.0,21.994920174165458,34.0,evac-only_sorted_2026shelterseek_2_13_trajectory.csv
2,14,7000.0,1345.0,0.19214285714285714,2031.4527881040892,2031.0,2964.2000000000003,3606.0,115.0,47079.98364312268,49111.436431226764,50210.6,24.486245353159852,32.0,23.56802973977695,31.0,evac-only_sorted_2026shelterseek_2_14_trajectory.csv
2,15,7000.0,1176.0,0.168,2000.3852040816328,2023.5,2924.5,4864.0,39.0,46979.35969387755,48979.744897959186,50165.0,24.516156462585034,43.0,23.589285714285715,42.0,evac-only_sorted_2026shelterseek_2_15_trajectory.csv
2,16,7000.0,851.0,0.12157142857142857,1972.936545240893,2052.0,3084.0,3553.0,92.0,46921.07990599295,48894.016451233845,50157.0,19.415981198589893,30.0,18.434782608695652,29.0,evac-only_sorted_2026shelterseek_2_16_trajectory.csv
2,17,7000.0,932.0,0.13314285714285715,2014.961373390558,2093.5,2944.0,5300.0,83.0,47037.73175965665,49052.69313304721,50213.8,22.662017167381975,29.0,21.74570815450644,29.0,evac-only_sorted_2026shelterseek_2_17_trajectory.csv
2,18,7000.0,1762.0,0.2517142857142857,1842.9880817253122,1824.5,2784.6000000000004,4583.0,60.0,47094.086265607264,48937.07434733258,50058.9,16.333144154370036,30.0,15.359250851305335,29.0,evac-only_sorted_2026shelterseek_2_18_trajectory.csv
2,19,7000.0,1429.0,0.20414285714285715,1807.5024492652203,1805.0,2806.0,4796.0,51.0,47046.65710286914,48854.15955213436,50020.8,21.604618614415674,32.0,20.81035689293212,31.0,evac-only_sorted_2026shelterseek_2_19_trajectory.csv
2,20,7000.0,1153.0,0.1647142857142857,1742.7450130095403,1715.0,2927.3999999999996,4699.0,56.0,47004.28013876843,48747.02515177797,50061.8,19.93148308759757,43.0,18.980919340849958,42.0,evac-only_sorted_2026shelterseek_2_20_trajectory.csv
2,21,7000.0,1817.0,0.25957142857142856,1836.9312052834343,1815.0,2778.4000000000005,5278.0,78.0,47156.79086406164,48993.72206934507,50098.2,21.031920748486517,29.0,20.315354980737478,28.0,evac-only_sorted_2026shelterseek_2_21_trajectory.csv
2,22,7000.0,1479.0,0.2112857142857143,1717.4002704530087,1675.0,2778.2000000000007,5610.0,50.0,47130.467207572685,48847.86747802569,50112.4,13.685598377281947,22.0,12.715348208248816,21.0,evac-only_sorted_2026shelterseek_2_22_trajectory.csv
2,23,7000.0,1208.0,0.17257142857142857,1985.4031456953642,1970.0,3056.8999999999996,5705.0,90.0,47029.971026490064,49015.37417218543,50151.6,22.994205298013245,31.0,22.007450331125828,30.299999999999955,evac-only_sorted_2026shelterseek_2_23_trajectory.csv
2,24,7000.0,798.0,0.114,2044.2581453634086,2040.5,3060.2000000000003,6188.0,48.0,46920.39097744361,48964.649122807015,50123.2,22.730576441102755,45.0,21.842105263157894,44.0,evac-only_sorted_2026shelterseek_2_24_trajectory.csv
2,25,7000.0,1784.0,0.25485714285714284,2005.5190582959642,2079.5,2880.7,3515.0,117.0,47121.12892376682,49126.64798206278,50180.7,20.280829596412556,33.0,19.369955156950674,32.0,evac-only_sorted_2026shelterseek_2_25_trajectory.csv
2,26,7000.0,1395.0,0.1992857142857143,1969.1849462365592,2008.0,2955.2000000000003,4503.0,94.0,47066.67311827957,49035.85806451613,50155.6,21.32043010752688,34.0,20.414336917562725,34.0,evac-only_sorted_2026shelterseek_2_26_trajectory.csv
2,27,7000.0,1101.0,0.15728571428571428,1940.589464123524,1805.0,3105.0,4374.0,23.0,46993.60944595822,48934.198910081745,50180.0,19.439600363306084,37.0,18.497729336966394,36.0,evac-only_sorted_2026shelterseek_2_27_trajectory.csv
2,28,7000.0,2064.0,0.2948571428571429,1867.2243217054263,1851.5,2750.7,3852.0,89.0,47069.82606589147,48937.0503875969,50035.8,20.34156976744186,32.0,19.438953488372093,31.0,evac-only_sorted_2026shelterseek_2_28_trajectory.csv
2,29,7000.0,1629.0,0.2327142857142857,1940.7341927562923,1901.0,2873.8,4064.0,65.0,47047.45058317987,48988.184775936155,50155.2,18.867403314917127,33.0,17.94229588704727,33.0,evac-only_sorted_2026shelterseek_2_29_trajectory.csv
2,30,7000.0,1666.0,0.238,1751.454381752701,1573.5,2852.5,4430.0,62.0,47102.73589435774,48854.19027611044,50090.0,20.520408163265305,32.0,19.563625450180073,31.0,evac-only_sorted_2026shelterseek_2_30_trajectory.csv
2,31,7000.0,1586.0,0.22657142857142856,1934.4564943253467,1917.5,3016.0,4828.0,77.0,47058.349936948296,48992.806431273646,50145.0,22.24905422446406,38.0,21.26355611601513,37.0,evac-only_sorted_2026shelterseek_2_31_trajectory.csv
2,32,7000.0,1133.0,0.16185714285714287,1687.6195939982347,1455.0,2767.4,4248.0,44.0,47058.260370697266,48745.8799646955,50078.0,18.019417475728154,27.0,17.09090909090909,26.0,evac-only_sorted_2026shelterseek_2_32_trajectory.csv
2,33,7000.0,1300.0,0.18571428571428572,2092.7984615384617,2148.5,2957.0,5881.0,90.0,47030.232307692306,49123.03076923077,50185.0,24.69,38.0,23.706153846153846,37.0,evac-only_sorted_2026shelterseek_2_33_trajectory.csv
2,34,7000.0,1114.0,0.15914285714285714,1996.5224416517055,2089.0,3053.4,5071.0,52.0,47050.2289048474,49046.7513464991,50218.7,18.987432675044882,29.0,18.084380610412925,29.0,evac-only_sorted_2026shelterseek_2_34_trajectory.csv
2,35,7000.0,1657.0,0.2367142857142857,1718.757996378998,1517.0,2958.0000000000005,3716.0,99.0,47069.363910681954,48788.12190706095,50103.4,17.4067592033796,26.0,16.505129752564876,25.0,evac-only_sorted_2026shelterseek_2_35_trajectory.csv
2,36,7000.0,1663.0,0.23757142857142857,1839.5953096812989,1807.0,2854.8,3501.0,79.0,47113.17739025857,48952.772699939866,50167.6,22.061936259771496,31.0,21.098015634395672,30.0,evac-only_sorted_2026shelterseek_2_36_trajectory.csv
2,37,7000.0,947.0,0.1352857142857143,1957.0464625131997,2001.0,2907.4,5007.0,138.0,47048.86378035903,49005.910242872225,50110.4,30.86378035902851,46.0,29.996832101372757,45.0,evac-only_sorted_2026shelterseek_2_37_trajectory.csv
2,38,7000.0,2034.0,0.2905714285714286,1922.5088495575221,1945.5,2839.1000000000004,5622.0,91.0,47086.55211406096,49009.06096361849,50092.4,16.579646017699115,33.0,15.801868239921337,32.0,evac-only_sorted_2026shelterseek_2_38_trajectory.csv
2,39,7000.0,1942.0,0.2774285714285714,1759.9191555097836,1702.0,2701.0,5642.0,110.0,47085.00308959835,48844.92224510814,49979.8,19.69309989701339,31.0,18.70185375901133,30.0,evac-only_sorted_2026shelterseek_2_39_trajectory.csv
3,0,7000.0,959.0,0.137,2039.065693430657,2218.0,2970.0000000000005,4930.0,69.0,47055.1511991658,49094.21689259646,50197.4,22.70698644421272,30.0,21.81021897810219,29.0,evac-only_sorted_2026shelterseek_3_0_trajectory.csv
3,1,7000.0,2052.0,0.29314285714285715,1666.506335282651,1657.0,2405.9,4018.0,57.0,47098.066764132556,48764.5730994152,49772.7,19.540448343079923,31.0,18.551169590643276,30.0,evac-only_sorted_2026shelterseek_3_1_trajectory.csv
3,2,7000.0,2065.0,0.295,1923.5496368038741,1919.0,2869.2000000000003,5554.0,100.0,47089.09297820823,49012.642615012104,50128.6,17.212106537530268,31.0,16.3772397094431,30.0,evac-only_sorted_2026shelterseek_3_2_trajectory.csv
3,3,7000.0,798.0,0.114,2065.8020050125315,2202.5,3039.6000000000004,3873.0,71.0,47188.98621553885,49254.78822055138,50177.3,26.359649122807017,37.0,25.464912280701753,36.0,evac-only_sorted_2026shelterseek_3_3_trajectory.csv
3,4,7000.0,976.0,0.13942857142857143,1846.4375,1731.5,2830.5,4930.0,48.0,47029.52971311475,48875.96721311475,50174.5,23.133196721311474,37.0,22.260245901639344,36.0,evac-only_sorted_2026shelterseek_3_4_trajectory.csv
3,5,7000.0,1230.0,0.1757142857142857,1890.081300813008,1804.5,2943.800000000001,5477.0,55.0,47061.3081300813,48951.389430894305,50092.1,23.21788617886179,30.0,22.291869918699188,29.0,evac-only_sorted_2026shelterseek_3_5_trajectory.csv
3,6,7000.0,1530.0,0.21857142857142858,1703.6745098039216,1559.5,2690.9000000000015,3731.0,37.0,47051.07385620915,48754.748366013075,50001.2,20.909803921568628,35.0,20.0,34.0,evac-only_sorted_2026shelterseek_3_6_trajectory.csv
3,7,7000.0,1794.0,0.2562857142857143,1914.3110367892978,1892.5,2917.0,5754.0,83.0,47086.078037904124,49000.38907469342,50114.0,21.23355629877369,35.0,20.254738015607582,34.0,evac-only_sorted_2026shelterseek_3_7_trajectory.csv
3,8,7000.0,1833.0,0.26185714285714284,1990.6230223677032,1966.0,2958.2,6440.0,114.0,47077.137479541736,49067.76050190944,50206.4,20.639388979814512,32.0,20.144026186579378,31.0,evac-only_sorted_2026shelterseek_3_8_trajectory.csv
3,9,7000.0,1538.0,0.21971428571428572,1788.338101430429,1766.5,2677.3,4471.0,32.0,47031.55981794538,48819.89791937581,49979.9,16.926527958387517,31.0,16.04031209362809,30.299999999999955,evac-only_sorted_2026shelterseek_3_9_trajectory.csv
3,10,7000.0,961.0,0.1372857142857143,1898.4724245577524,1985.0,2900.0,3494.0,159.0,47116.732570239335,49015.20499479709,50184.0,24.746097814776274,41.0,24.10613943808533,40.0,evac-only_sorted_2026shelterseek_3_10_trajectory.csv
3,11,7000.0,952.0,0.136,1701.1271008403362,1710.0,2606.1,3547.0,48.0,47113.70483193277,48814.83193277311,49956.1,26.84873949579832,38.0,25.959033613445378,37.0,evac-only_sorted_2026shelterseek_3_11_trajectory.csv
3,12,7000.0,1193.0,0.17042857142857143,2000.3889354568314,2022.0,3092.2,5232.0,87.0,46997.89606035205,48998.284995808885,50253.6,19.33612740989103,33.0,18.37636211232188,32.0,evac-only_sorted_2026shelterseek_3_12_trajectory.csv
3,13,7000.0,1210.0,0.17285714285714285,1957.2636363636364,2006.5,2881.1000000000004,4290.0,130.0,47011.17190082645,48968.43553719008,50107.4,23.037190082644628,35.0,22.27603305785124,35.0,evac-only_sorted_2026shelterseek_3_13_trajectory.csv
3,14,7000.0,1906.0,0.2722857142857143,1685.879853095488,1580.0,2659.0,3584.0,59.0,47096.56348373557,48782.44333683106,50013.0,17.50577124868835,27.0,16.560860440713537,26.0,evac-only_sorted_2026shelterseek_3_14_trajectory.csv
3,15,7000.0,1439.0,0.20557142857142857,2036.696316886727,2178.0,3023.8,4486.0,82.0,47053.165392633775,49089.8617095205,50201.2,20.3815149409312,37.0,19.47394023627519,36.0,evac-only_sorted_2026shelterseek_3_15_trajectory.csv
3,16,7000.0,1531.0,0.21871428571428572,1889.8465055519268,1886.0,2980.0,4661.0,71.0,47098.162638798174,48988.0091443501,50060.0,18.971260613977794,31.0,18.083605486610058,30.0,evac-only_sorted_2026shelterseek_3_16_trajectory.csv
3,17,7000.0,834.0,0.11914285714285715,1600.4868105515588,1477.0,2619.1000000000004,4309.0,91.0,47295.549160671464,48896.03597122302,49972.7,18.787769784172664,21.0,18.452038369304557,23.0,evac-only_sorted_2026shelterseek_3_17_trajectory.csv
3,18,7000.0,1215.0,0.17357142857142857,2040.4897119341563,2064.0,3058.2000000000003,3614.0,58.0,47052.53580246914,49093.02551440329,50205.8,17.54485596707819,26.0,16.781069958847738,25.0,evac-only_sorted_2026shelterseek_3_18_trajectory.csv
3,19,7000.0,1527.0,0.21814285714285714,1927.8474132285528,1987.0,2927.4,4602.0,109.0,47059.918795022924,48987.76620825147,50139.4,20.07531106745252,31.0,19.201702685003273,31.0,evac-only_sorted_2026shelterseek_3_19_trajectory.csv
3,20,7000.0,1490.0,0.21285714285714286,1875.2375838926175,1886.0,2754.0,6289.0,66.0,47126.72684563758,49001.9644295302,50090.2,18.63288590604027,36.0,17.769127516778525,35.0,evac-only_sorted_2026shelterseek_3_20_trajectory.csv
3,21,7000.0,1186.0,0.16942857142857143,1682.5994940978078,1604.0,2629.5,3419.0,115.0,47061.84822934233,48744.447723440135,49814.5,22.69477234401349,33.0,21.78752107925801,32.5,evac-only_sorted_2026shelterseek_3_21_trajectory.csv
3,22,7000.0,1185.0,0.1692857142857143,1877.8852320675105,1943.0,2713.8,4764.0,72.0,47068.46835443038,48946.35358649789,50118.2,15.131645569620254,31.0,14.236286919831224,30.0,evac-only_sorted_2026shelterseek_3_22_trajectory.csv
3,23,7000.0,1085.0,0.155,1668.636866359447,1609.0,2774.0,4243.0,83.0,47036.717050691244,48705.35391705069,49992.0,23.85437788018433,45.0,22.882027649769586,44.0,evac-only_sorted_2026shelterseek_3_23_trajectory.csv
3,24,7000.0,883.0,0.12614285714285714,1885.563986409966,1755.0,2852.8000000000006,5283.0,52.0,46952.47904869762,48838.043035107585,50080.6,30.180067950169875,44.0,29.204983012457532,43.0,evac-only_sorted_2026shelterseek_3_24_trajectory.csv
3,25,7000.0,1120.0,0.16,1921.60625,1917.0,2875.0,5994.0,89.0,47030.96875,48952.575,50096.4,21.463392857142857,36.0,20.725,35.0,evac-only_sorted_2026shelterseek_3_25_trajectory.csv
3,26,7000.0,1799.0,0.257,2025.5536409116175,2033.0,2919.2,5706.0,47.0,47059.39855475264,49084.95219566426,50152.0,19.711506392440246,35.0,18.90105614230128,34.0,evac-only_sorted_2026shelterseek_3_26_trajectory.csv
3,27,7000.0,1167.0,0.1667142857142857,1914.318766066838,1870.0,3035.4,4912.0,78.0,46907.74721508141,48822.06598114824,50088.8,18.187660668380463,44.40000000000009,17.20394173093402,43.40000000000009,evac-only_sorted_2026shelterseek_3_27_trajectory.csv
3,28,7000.0,1450.0,0.20714285714285716,1717.8986206896552,1575.0,2716.4000000000005,4880.0,97.0,47080.66413793103,48798.56275862069,49916.9,18.98,30.0,18.09793103448276,30.0,evac-only_sorted_2026shelterseek_3_28_trajectory.csv
3,29,7000.0,1096.0,0.15657142857142858,1927.7235401459855,1891.5,2903.5,5158.0,101.0,47007.44434306569,48935.16788321168,50052.5,20.43065693430657,32.5,19.447992700729927,32.0,evac-only_sorted_2026shelterseek_3_29_trajectory.csv
3,30,7000.0,1898.0,0.27114285714285713,2002.0342465753424,2025.0,2899.5,4726.0,73.0,47059.38408851423,49061.41833508957,50134.0,20.48735511064278,31.0,19.5463645943098,30.0,evac-only_sorted_2026shelterseek_3_30_trajectory.csv
3,31,7000.0,1496.0,0.21371428571428572,1934.168449197861,1909.5,2918.5,4476.0,98.0,47071.08155080214,49005.25,50162.5,25.172459893048128,37.0,24.335561497326204,36.0,evac-only_sorted_2026shelterseek_3_31_trajectory.csv
3,32,7000.0,715.0,0.10214285714285715,1680.8153846153846,1579.0,2663.0,4369.0,39.0,47062.813986013985,48743.62937062937,49977.6,23.163636363636364,30.0,22.174825174825173,29.0,evac-only_sorted_2026shelterseek_3_32_trajectory.csv
3,33,7000.0,1215.0,0.17357142857142857,2116.4172839506173,2184.0,3065.2000000000007,5119.0,68.0,47049.90534979424,49166.32263374486,50207.6,21.448559670781894,31.0,20.548148148148147,30.0,evac-only_sorted_2026shelterseek_3_33_trajectory.csv
3,34,7000.0,1031.0,0.1472857142857143,1941.0737148399612,1959.0,2974.0,4843.0,79.0,47057.44616876818,48998.51988360815,50118.0,24.05431619786615,50.0,23.195926285160038,49.0,evac-only_sorted_2026shelterseek_3_34_trajectory.csv
3,35,7000.0,1241.0,0.1772857142857143,1702.9943593875907,1430.0,2938.0,3881.0,38.0,47084.004029008865,48786.99838839645,50114.0,19.829975825946818,29.0,18.897663174858984,28.0,evac-only_sorted_2026shelterseek_3_35_trajectory.csv
3,36,7000.0,1238.0,0.17685714285714285,1770.3844911147012,1711.5,2787.6,3432.0,109.0,47084.89418416801,48855.278675282716,50080.2,24.43053311793215,38.0,23.519386106623585,37.0,evac-only_sorted_2026shelterseek_3_36_trajectory.csv
3,37,7000.0,817.0,0.11671428571428571,1875.8237454100367,1860.0,2766.8,5479.0,80.0,46955.17625458996,48831.0,50026.8,24.671970624235005,41.0,23.722154222766218,40.0,evac-only_sorted_2026shelterseek_3_37_trajectory.csv
3,38,7000.0,1480.0,0.21142857142857144,1846.172972972973,1763.0,2846.3,3743.0,87.0,47039.62837837838,48885.80135135135,49933.3,17.187837837837836,27.0,16.19864864864865,26.0,evac-only_sorted_2026shelterseek_3_38_trajectory.csv
3,39,7000.0,1886.0,0.2694285714285714,1937.7677624602334,1880.0,2869.0,4014.0,88.0,47100.1065747614,49037.874337221634,50109.0,17.203075291622483,31.0,16.253446447507955,30.0,evac-only_sorted_2026shelterseek_3_39_trajectory.csv
4,0,7000.0,1318.0,0.18828571428571428,1774.3429438543246,1614.5,2798.0,4991.0,47.0,47056.64339908953,48830.986342943856,50184.3,22.403641881638848,33.0,21.531107738998482,33.0,evac-only_sorted_2026shelterseek_4_0_trajectory.csv
4,1,7000.0,1358.0,0.194,1742.217967599411,1737.0,2691.0,4892.0,45.0,47073.220913107514,48815.43888070692,49897.6,18.395434462444772,32.0,17.469072164948454,31.0,evac-only_sorted_2026shelterseek_4_1_trajectory.csv
4,2,7000.0,1770.0,0.25285714285714284,1709.0225988700565,1678.0,2622.1000000000004,3381.0,37.0,47099.953107344634,48808.97570621469,49902.2,20.636158192090395,35.0,19.67175141242938,34.0,evac-only_sorted_2026shelterseek_4_2_trajectory.csv
4,3,7000.0,1767.0,0.25242857142857145,1917.3899264289757,1944.0,2898.4,5778.0,73.0,47099.1805319751,49016.57045840407,50168.0,19.787775891341255,33.0,18.84663271080928,33.0,evac-only_sorted_2026shelterseek_4_3_trajectory.csv
4,4,7000.0,1532.0,0.21885714285714286,2010.9458224543082,2026.0,2946.8,3666.0,153.0,47087.935378590075,49098.88120104439,50153.9,19.227154046997388,29.0,18.43211488250653,28.0,evac-only_sorted_2026shelterseek_4_4_trajectory.csv
4,5,7000.0,1651.0,0.23585714285714285,1917.9600242277409,1910.0,2877.0,4705.0,96.0,47094.340399757726,49012.30042398546,50195.0,22.93276801938219,33.0,22.007874015748033,32.0,evac-only_sorted_2026shelterseek_4_5_trajectory.csv
4,6,7000.0,1035.0,0.14785714285714285,2141.183574879227,2234.0,2974.0,5355.0,56.0,47066.15652173913,49207.340096618354,50260.0,20.62415458937198,29.0,19.68888888888889,28.0,evac-only_sorted_2026shelterseek_4_6_trajectory.csv
4,7,7000.0,1347.0,0.19242857142857142,1970.8812175204157,1978.0,2872.0,5642.0,105.0,47103.564216778024,49074.44543429844,50195.4,19.98218262806236,28.0,19.096510764662213,27.0,evac-only_sorted_2026shelterseek_4_7_trajectory.csv
4,8,7000.0,1300.0,0.18571428571428572,1726.693076923077,1433.0,2954.0,5738.0,47.0,46984.64230769231,48711.335384615384,50047.0,18.91,34.100000000000136,18.057692307692307,34.0,evac-only_sorted_2026shelterseek_4_8_trajectory.csv
4,9,7000.0,949.0,0.13557142857142856,1954.913593256059,1890.0,2893.0,5012.0,76.0,47028.147523709165,48983.061116965226,50093.4,22.17281348788198,44.0,21.37618545837724,43.0,evac-only_sorted_2026shelterseek_4_9_trajectory.csv
4,10,7000.0,1338.0,0.19114285714285714,2014.5695067264573,2008.0,3029.6,4250.0,128.0,47030.206278026904,49044.775784753365,50155.2,21.699551569506728,32.0,20.758594917787743,31.0,evac-only_sorted_2026shelterseek_4_10_trajectory.csv
4,11,7000.0,1528.0,0.21828571428571428,1740.5091623036649,1681.5,2571.0,4040.0,58.0,47138.53730366492,48879.04646596859,49891.6,20.880235602094242,30.0,20.111910994764397,29.0,evac-only_sorted_2026shelterseek_4_11_trajectory.csv
4,12,7000.0,1234.0,0.1762857142857143,1782.4546191247973,1651.0,2865.4,4344.0,44.0,47040.8095623987,48823.264181523504,50097.7,22.46515397082658,34.0,21.620745542949756,33.0,evac-only_sorted_2026shelterseek_4_12_trajectory.csv
4,13,7000.0,844.0,0.12057142857142857,1818.0912322274883,1788.0,2884.4,5352.0,91.0,47019.32582938389,48837.41706161138,50012.4,21.739336492890995,34.0,20.768957345971565,33.0,evac-only_sorted_2026shelterseek_4_13_trajectory.csv
4,14,7000.0,1795.0,0.25642857142857145,1882.4701949860723,1864.0,2953.0,6043.0,97.0,47043.055710306406,48925.52590529248,50142.0,15.703621169916435,27.0,14.720891364902506,26.0,evac-only_sorted_2026shelterseek_4_14_trajectory.csv
4,15,7000.0,1192.0,0.1702857142857143,1978.96644295302,1990.5,2926.700000000001,5710.0,63.0,47086.70889261745,49065.67533557047,50185.7,16.94463087248322,34.0,16.088926174496645,34.0,evac-only_sorted_2026shelterseek_4_15_trajectory.csv
4,16,7000.0,1348.0,0.19257142857142856,1840.8382789317507,1807.0,2855.6,4772.0,40.0,47138.281899109796,48979.12017804154,50002.9,24.659495548961424,31.0,23.887982195845698,30.0,evac-only_sorted_2026shelterseek_4_16_trajectory.csv
4,17,7000.0,761.0,0.10871428571428571,1597.6609724047307,1309.0,2751.0,5041.0,42.0,47035.704336399474,48633.365308804205,49908.0,20.80157687253614,32.0,19.88436268068331,31.0,evac-only_sorted_2026shelterseek_4_17_trajectory.csv
4,18,7000.0,1181.0,0.1687142857142857,1888.1803556308214,1970.0,2784.0,3570.0,55.0,47075.499576629976,48963.6799322608,50124.0,23.639288738357326,28.0,22.662150719729045,27.0,evac-only_sorted_2026shelterseek_4_18_trajectory.csv
4,19,7000.0,1559.0,0.22271428571428573,1738.132777421424,1646.0,2858.4,5698.0,111.0,47110.2950609365,48848.42783835792,50120.4,23.56510583707505,38.0,22.649775497113534,37.0,evac-only_sorted_2026shelterseek_4_19_trajectory.csv
4,20,7000.0,1239.0,0.177,1925.1589991928975,1950.0,2925.0,4746.0,102.0,47058.88458434221,48984.04358353511,50178.2,21.404358353510897,42.0,20.548829701372075,41.0,evac-only_sorted_2026shelterseek_4_20_trajectory.csv
4,21,7000.0,1591.0,0.22728571428571429,1985.3595223130108,1945.0,2988.0,5593.0,72.0,47114.204902576996,49099.564424890006,50160.0,20.73852922690132,34.0,19.844123192960403,33.0,evac-only_sorted_2026shelterseek_4_21_trajectory.csv
4,22,7000.0,734.0,0.10485714285714286,2038.5694822888283,2231.5,3027.9000000000005,5364.0,44.0,46902.96185286104,48941.53133514986,50132.7,18.059945504087192,36.0,17.271117166212534,36.0,evac-only_sorted_2026shelterseek_4_22_trajectory.csv
4,23,7000.0,1705.0,0.24357142857142858,1988.2445747800587,1988.0,2868.0,4882.0,79.0,47050.79589442815,49039.04046920821,50068.4,19.610557184750732,30.0,18.682111436950148,29.0,evac-only_sorted_2026shelterseek_4_23_trajectory.csv
4,24,7000.0,978.0,0.1397142857142857,2024.4100204498977,2069.0,2946.0,5618.0,100.0,47057.68200408998,49082.092024539874,50148.9,31.95807770961145,44.0,30.99284253578732,43.0,evac-only_sorted_2026shelterseek_4_24_trajectory.csv
4,25,7000.0,1220.0,0.1742857142857143,1614.482786885246,1437.5,2633.400000000002,3753.0,76.0,47040.77540983607,48655.25819672131,49861.1,17.82049180327869,29.0,16.874590163934425,28.0,evac-only_sorted_2026shelterseek_4_25_trajectory.csv
4,26,7000.0,1586.0,0.22657142857142856,1778.9495586380833,1739.5,2749.0,5118.0,56.0,47125.96721311475,48904.91677175284,50092.0,21.64123581336696,30.0,21.281841109709962,33.0,evac-only_sorted_2026shelterseek_4_26_trajectory.csv
4,27,7000.0,1202.0,0.1717142857142857,1959.0074875207986,1934.0,2981.5000000000005,5184.0,75.0,46975.20049916805,48934.20798668885,50171.8,23.73044925124792,43.0,22.75790349417637,42.0,evac-only_sorted_2026shelterseek_4_27_trajectory.csv
4,28,7000.0,1826.0,0.26085714285714284,1772.618838992333,1745.0,2745.0,3725.0,94.0,47134.67305585981,48907.29189485213,49985.0,21.203176341730558,30.0,20.223986856516976,29.0,evac-only_sorted_2026shelterseek_4_28_trajectory.csv
4,29,7000.0,1357.0,0.19385714285714287,2055.9653647752393,2058.0,2885.8,4805.0,97.0,47126.59395725866,49182.5593220339,50145.8,18.29255711127487,30.0,17.477523949889463,30.0,evac-only_sorted_2026shelterseek_4_29_trajectory.csv
4,30,7000.0,1325.0,0.18928571428571428,1878.9018867924528,1857.0,2859.6000000000004,3556.0,89.0,47058.76150943396,48937.66339622642,50090.8,21.06188679245283,29.0,20.10566037735849,28.0,evac-only_sorted_2026shelterseek_4_30_trajectory.csv
4,31,7000.0,1428.0,0.204,1978.7584033613446,1904.5,2968.3,3480.0,79.0,47054.565126050424,49033.32352941176,50147.3,27.670868347338935,42.0,26.73249299719888,41.0,evac-only_sorted_2026shelterseek_4_31_trajectory.csv
4,32,7000.0,847.0,0.121,1637.7213695395515,1564.0,2639.5999999999995,5478.0,73.0,47019.48760330579,48657.208972845336,49881.0,22.138134592680046,35.0,21.20543093270366,34.0,evac-only_sorted_2026shelterseek_4_32_trajectory.csv
4,33,7000.0,1682.0,0.2402857142857143,1985.3495838287752,2070.0,3011.8,3519.0,59.0,47102.60582639714,49087.95541022592,50155.9,24.558263971462544,35.0,23.743162901307965,36.0,evac-only_sorted_2026shelterseek_4_33_trajectory.csv
4,34,7000.0,1070.0,0.15285714285714286,2033.0130841121495,2129.0,3038.0,4852.0,82.0,47000.96542056075,49033.978504672894,50228.2,21.760747663551403,38.0,20.806542056074765,37.0,evac-only_sorted_2026shelterseek_4_34_trajectory.csv
4,35,7000.0,1821.0,0.2601428571428571,1894.2108731466228,1762.0,2931.0,3586.0,52.0,47118.00164744646,49012.21252059308,50104.0,18.12850082372323,29.0,17.162548050521693,29.0,evac-only_sorted_2026shelterseek_4_35_trajectory.csv
4,36,7000.0,1076.0,0.15371428571428572,1769.828066914498,1793.5,2632.0,5725.0,77.0,47109.70910780669,48879.53717472119,50006.5,22.86245353159851,33.0,21.970260223048328,33.0,evac-only_sorted_2026shelterseek_4_36_trajectory.csv
4,37,7000.0,1185.0,0.1692857142857143,1896.5232067510549,1911.0,2908.6000000000004,5786.0,74.0,46989.54430379747,48886.06751054852,50132.6,26.351898734177215,39.0,25.440506329113923,38.0,evac-only_sorted_2026shelterseek_4_37_trajectory.csv
4,38,7000.0,1651.0,0.23585714285714285,1996.0847970926711,1971.0,2959.0,4679.0,82.0,47112.651726226526,49108.7365233192,50158.0,19.077528770442157,34.0,18.186553603876437,33.0,evac-only_sorted_2026shelterseek_4_38_trajectory.csv
4,39,7000.0,1891.0,0.27014285714285713,1802.3363299841353,1698.0,2906.0,4160.0,53.0,47079.807509254366,48882.143839238495,50001.0,21.232681121099947,30.0,20.29455314648334,29.0,evac-only_sorted_2026shelterseek_4_39_trajectory.csv
5,0,7000.0,1081.0,0.15442857142857142,1724.723404255319,1586.0,2841.0,5486.0,110.0,46998.12580943571,48722.84921369103,49960.0,22.237742830712303,35.0,21.314523589269196,34.0,evac-only_sorted_2026shelterseek_5_0_trajectory.csv
5,1,7000.0,1051.0,0.15014285714285713,1562.9705042816365,1374.0,2773.0,4667.0,86.0,47071.69838249286,48634.6688867745,49980.0,22.922930542340627,32.0,21.934348239771648,31.0,evac-only_sorted_2026shelterseek_5_1_trajectory.csv
5,2,7000.0,1510.0,0.21571428571428572,1761.109271523179,1656.5,2814.600000000001,5343.0,58.0,47089.24370860927,48850.35298013245,50073.2,16.690066225165562,32.0,15.755629139072848,31.0,evac-only_sorted_2026shelterseek_5_2_trajectory.csv
5,3,7000.0,1562.0,0.22314285714285714,1920.866837387964,1917.5,2867.8,4846.0,118.0,47092.26248399488,49013.12932138284,50105.8,18.786811779769526,27.0,17.839948783610755,26.0,evac-only_sorted_2026shelterseek_5_3_trajectory.csv
5,4,7000.0,1454.0,0.2077142857142857,1721.0949105914717,1626.0,2717.0,5733.0,49.0,47085.620357634114,48806.715268225584,50031.8,18.518569463548832,27.0,17.557083906464925,26.0,evac-only_sorted_2026shelterseek_5_4_trajectory.csv
5,5,7000.0,1788.0,0.25542857142857145,1784.2997762863536,1702.5,2863.0,6287.0,57.0,47110.51510067114,48894.81487695749,50031.799999999996,18.447986577181208,29.299999999999955,17.58109619686801,29.0,evac-only_sorted_2026shelterseek_5_5_trajectory.csv
5,6,7000.0,1080.0,0.15428571428571428,1739.6981481481482,1673.0,2818.6000000000004,5732.0,136.0,47074.430555555555,48814.128703703704,50018.1,20.02962962962963,41.0,19.291666666666668,40.0,evac-only_sorted_2026shelterseek_5_6_trajectory.csv
5,7,7000.0,1662.0,0.23742857142857143,1787.5902527075812,1793.5,2783.9,5344.0,106.0,47127.80806257521,48915.39831528279,50141.5,19.96389891696751,27.0,19.185920577617328,29.0,evac-only_sorted_2026shelterseek_5_7_trajectory.csv
5,8,7000.0,1334.0,0.19057142857142856,2077.2886056971515,2100.0,3041.1000000000004,4649.0,77.0,47057.559220389805,49134.84782608696,50152.4,23.04647676161919,34.0,22.195652173913043,33.0,evac-only_sorted_2026shelterseek_5_8_trajectory.csv
5,9,7000.0,1132.0,0.16171428571428573,1977.7420494699647,2061.0,2957.0,4560.0,72.0,47052.0335689046,49029.77561837456,50168.8,18.068904593639576,45.0,17.147526501766784,44.0,evac-only_sorted_2026shelterseek_5_9_trajectory.csv
5,10,7000.0,1411.0,0.20157142857142857,1990.7462792345855,1997.0,2948.0,3553.0,41.0,47067.48192771084,49058.22820694543,50138.0,21.255846917080085,34.0,20.271438695960313,33.0,evac-only_sorted_2026shelterseek_5_10_trajectory.csv
5,11,7000.0,1478.0,0.21114285714285713,1955.882949932341,2033.0,2861.6,3871.0,75.0,47128.24695534506,49084.129905277405,50165.3,19.84573748308525,32.299999999999955,18.99188092016238,32.0,evac-only_sorted_2026shelterseek_5_11_trajectory.csv
5,12,7000.0,699.0,0.09985714285714285,1927.274678111588,1796.0,3106.4,4873.0,117.0,47058.70386266094,48985.978540772536,50183.2,22.01716738197425,40.0,21.450643776824034,40.0,evac-only_sorted_2026shelterseek_5_12_trajectory.csv
5,13,7000.0,815.0,0.11642857142857142,1788.4343558282208,1789.0,2870.8,3550.0,150.0,47101.106748466256,48889.541104294476,50204.0,23.409815950920244,44.0,22.742331288343557,43.0,evac-only_sorted_2026shelterseek_5_13_trajectory.csv
5,14,7000.0,1185.0,0.1692857142857143,1834.0194092827005,1790.0,2966.400000000002,5718.0,173.0,47038.582278481015,48872.601687763716,50019.6,22.610126582278482,33.0,21.620253164556964,32.0,evac-only_sorted_2026shelterseek_5_14_trajectory.csv
5,15,7000.0,989.0,0.1412857142857143,1773.748230535895,1713.0,2583.4,5784.0,96.0,47046.82002022245,48820.56825075834,50105.2,21.987866531850354,40.0,21.28412537917088,40.0,evac-only_sorted_2026shelterseek_5_15_trajectory.csv
5,16,7000.0,1649.0,0.23557142857142857,1896.0873256519103,1863.0,3000.8,3662.0,35.0,47064.187386294725,48960.27471194664,50140.0,20.357186173438446,33.0,19.48392965433596,32.0,evac-only_sorted_2026shelterseek_5_16_trajectory.csv
5,17,7000.0,880.0,0.12571428571428572,1918.9340909090909,1877.5,2810.0,3486.0,59.0,47067.594318181815,48986.52840909091,50130.9,21.755681818181817,30.0,20.797727272727272,29.0,evac-only_sorted_2026shelterseek_5_17_trajectory.csv
5,18,7000.0,1351.0,0.193,1768.4922279792745,1498.0,2952.0,3808.0,112.0,47083.693560325686,48852.18578830496,50076.0,15.656550703182827,22.0,14.748334566987417,21.0,evac-only_sorted_2026shelterseek_5_18_trajectory.csv
5,19,7000.0,989.0,0.1412857142857143,1735.54701718908,1568.0,2920.6000000000004,4545.0,22.0,47061.40748230536,48796.95449949444,50121.6,22.313447927199192,29.0,21.355915065722954,28.0,evac-only_sorted_2026shelterseek_5_19_trajectory.csv
5,20,7000.0,549.0,0.07842857142857143,1738.3551912568305,1802.0,2572.0,4925.0,61.0,47047.78506375228,48786.14025500911,49868.4,19.036429872495447,47.0,18.08743169398907,46.0,evac-only_sorted_2026shelterseek_5_20_trajectory.csv
5,21,7000.0,1240.0,0.17714285714285713,1746.2951612903225,1483.0,2937.3,3576.0,65.0,47087.675,48833.97016129032,50136.4,20.763709677419357,27.0,19.876612903225805,28.0,evac-only_sorted_2026shelterseek_5_21_trajectory.csv
5,22,7000.0,1279.0,0.18271428571428572,1898.4902267396403,1933.0,2799.8,4496.0,109.0,47062.84753713839,48961.33776387803,50109.2,20.333072713057074,32.0,19.374511336982017,31.0,evac-only_sorted_2026shelterseek_5_22_trajectory.csv
5,23,7000.0,1489.0,0.21271428571428572,1864.8616521155138,1782.0,2734.4,5625.0,86.0,47101.50772330423,48966.369375419745,50113.2,18.370718603089323,30.0,17.415043653458696,29.0,evac-only_sorted_2026shelterseek_5_23_trajectory.csv
5,24,7000.0,1213.0,0.1732857142857143,1914.765045342127,1830.0,2922.6,5069.0,79.0,46979.80379225062,48894.56883759274,50051.4,21.318219291014014,45.0,20.420445177246496,44.0,evac-only_sorted_2026shelterseek_5_24_trajectory.csv
5,25,7000.0,1340.0,0.19142857142857142,1807.6179104477612,1766.0,2745.2000000000003,5809.0,50.0,47123.80671641791,48931.42462686567,50015.0,21.777611940298506,34.0,20.93059701492537,33.0,evac-only_sorted_2026shelterseek_5_25_trajectory.csv
5,26,7000.0,1554.0,0.222,2023.0778635778636,2178.5,2879.9000000000005,3782.0,48.0,47091.32368082368,49114.401544401546,50174.7,22.044401544401545,29.0,21.12162162162162,28.0,evac-only_sorted_2026shelterseek_5_26_trajectory.csv
5,27,7000.0,1051.0,0.15014285714285713,2215.137963843958,2300.0,3073.0,4431.0,90.0,46977.69077069458,49192.82873453853,50164.0,22.284490960989533,34.0,21.51569933396765,34.0,evac-only_sorted_2026shelterseek_5_27_trajectory.csv
5,28,7000.0,1997.0,0.2852857142857143,1868.7230846269404,1864.0,2825.0,4059.0,122.0,47090.30746119179,48959.03054581873,50136.2,17.940410615923884,35.0,17.093640460691038,34.0,evac-only_sorted_2026shelterseek_5_28_trajectory.csv
5,29,7000.0,1094.0,0.15628571428571428,1830.0859232175503,1824.5,2817.7000000000007,4830.0,59.0,46990.21480804388,48820.30073126143,50072.4,24.814442413162705,39.0,24.39762340036563,38.0,evac-only_sorted_2026shelterseek_5_29_trajectory.csv
5,30,7000.0,1319.0,0.18842857142857142,1737.3411675511752,1547.0,2642.2,4223.0,66.0,47142.754359363156,48880.09552691433,50018.4,21.11144806671721,36.0,20.36391205458681,36.0,evac-only_sorted_2026shelterseek_5_30_trajectory.csv
5,31,7000.0,1308.0,0.18685714285714286,1935.368501529052,1863.0,2961.3,4817.0,67.0,47048.95489296636,48984.32339449541,50128.0,25.66360856269113,37.0,24.714831804281346,36.0,evac-only_sorted_2026shelterseek_5_31_trajectory.csv
5,32,7000.0,1430.0,0.2042857142857143,1711.753846153846,1721.0,2692.500000000002,5070.0,17.0,47112.53076923077,48824.28461538462,49822.1,23.517482517482517,31.0,22.611888111888113,30.0,evac-only_sorted_2026shelterseek_5_32_trajectory.csv
5,33,7000.0,1323.0,0.189,1873.8125472411186,1852.0,2917.6,6945.0,91.0,47050.930461073316,48924.743008314435,50099.8,22.636432350718064,35.59999999999991,21.73015873015873,34.59999999999991,evac-only_sorted_2026shelterseek_5_33_trajectory.csv
5,34,7000.0,1397.0,0.19957142857142857,1866.2984967788118,1892.0,2915.4000000000005,4806.0,23.0,47033.19756621331,48899.496062992126,50079.0,23.730136005726557,47.0,22.777380100214746,46.0,evac-only_sorted_2026shelterseek_5_34_trajectory.csv
5,35,7000.0,994.0,0.142,1954.4124748490947,1950.0,2810.4,5462.0,70.0,47149.93259557344,49104.34507042253,50041.7,18.763581488933603,33.0,17.929577464788732,32.0,evac-only_sorted_2026shelterseek_5_35_trajectory.csv
5,36,7000.0,1228.0,0.17542857142857143,1772.4258957654722,1722.0,2850.6,4922.0,55.0,47042.60749185668,48815.03338762215,50129.0,21.30211726384365,44.0,20.33631921824104,43.0,evac-only_sorted_2026shelterseek_5_36_trajectory.csv
5,37,7000.0,1300.0,0.18571428571428572,1917.3623076923077,1966.5,2819.400000000002,3721.0,61.0,47071.485384615386,48988.84769230769,50118.2,22.13153846153846,37.0,21.295384615384616,36.0,evac-only_sorted_2026shelterseek_5_37_trajectory.csv
5,38,7000.0,1584.0,0.22628571428571428,1835.886994949495,1722.0,2867.7,5732.0,96.0,47103.98863636364,48939.87563131313,49994.7,19.955176767676768,31.0,19.02462121212121,30.0,evac-only_sorted_2026shelterseek_5_38_trajectory.csv
5,39,7000.0,2136.0,0.30514285714285716,1757.1643258426966,1628.0,2790.5,4008.0,71.0,47138.62593632959,48895.79026217228,50037.0,19.159644194756556,27.0,18.193352059925093,26.0,evac-only_sorted_2026shelterseek_5_39_trajectory.csv
6,0,7000.0,1974.0,0.282,1859.806990881459,1901.5,2762.7,3912.0,54.0,47147.61043566363,49007.417426545086,50123.4,17.728976697061803,33.0,17.02228976697062,32.0,evac-only_sorted_2026shelterseek_6_0_trajectory.csv
6,1,7000.0,1338.0,0.19114285714285714,1651.7249626307923,1498.5,2738.3,4290.0,79.0,47086.530642750375,48738.255605381164,49981.2,20.266816143497756,32.0,19.318385650224215,31.0,evac-only_sorted_2026shelterseek_6_1_trajectory.csv
6,2,7000.0,1788.0,0.25542857142857145,1950.847874720358,2009.0,2929.3,3543.0,133.0,47102.67561521253,49053.523489932886,50120.0,17.404921700223714,31.0,16.58724832214765,30.0,evac-only_sorted_2026shelterseek_6_2_trajectory.csv
6,3,7000.0,1168.0,0.16685714285714287,1709.714897260274,1543.5,2863.8999999999996,4806.0,66.0,47115.977739726026,48825.6926369863,50042.3,22.915239726027398,49.0,22.07705479452055,48.0,evac-only_sorted_2026shelterseek_6_3_trajectory.csv
6,4,7000.0,1776.0,0.2537142857142857,1584.8361486486488,1406.0,2553.0,4481.0,102.0,47098.69031531532,48683.526463963964,49775.0,18.445945945945947,42.0,17.528153153153152,41.0,evac-only_sorted_2026shelterseek_6_4_trajectory.csv
6,5,7000.0,915.0,0.13071428571428573,1708.6087431693988,1564.0,2591.0,5310.0,56.0,47131.9956284153,48840.6043715847,49975.0,28.654644808743168,38.0,27.82185792349727,37.0,evac-only_sorted_2026shelterseek_6_5_trajectory.csv
6,6,7000.0,1076.0,0.15371428571428572,1692.5557620817845,1560.5,2795.0,5430.0,103.0,47034.53066914498,48727.086431226766,50076.0,20.355018587360593,39.0,19.45353159851301,38.0,evac-only_sorted_2026shelterseek_6_6_trajectory.csv
6,7,7000.0,1081.0,0.15442857142857142,1483.8149861239592,1294.0,2507.0,4801.0,87.0,46997.63274745606,48481.44773358002,49550.0,18.848288621646624,27.0,17.969472710453285,26.0,evac-only_sorted_2026shelterseek_6_7_trajectory.csv
6,8,7000.0,1345.0,0.19214285714285714,1541.153159851301,1448.0,2314.2000000000003,3579.0,56.0,47045.259479553904,48586.41263940521,49589.2,18.466914498141264,30.0,17.594795539033456,29.0,evac-only_sorted_2026shelterseek_6_8_trajectory.csv
6,9,7000.0,1178.0,0.1682857142857143,1709.5551782682512,1647.0,2693.7999999999997,5769.0,58.0,47038.79456706282,48748.34974533107,49863.8,22.225806451612904,47.0,21.395585738539896,46.0,evac-only_sorted_2026shelterseek_6_9_trajectory.csv
6,10,7000.0,2222.0,0.31742857142857145,1941.6656165616562,1941.5,2799.9,4558.0,122.0,47084.98874887489,49026.654365436545,50139.9,21.32718271827183,37.0,20.41089108910891,36.0,evac-only_sorted_2026shelterseek_6_10_trajectory.csv
6,11,7000.0,1411.0,0.20157142857142857,1787.206236711552,1825.0,2732.0,3500.0,41.0,47147.65627214741,48934.86250885897,50073.0,18.30545712260808,31.0,17.465627214741318,30.0,evac-only_sorted_2026shelterseek_6_11_trajectory.csv
6,12,7000.0,1076.0,0.15371428571428572,1717.9237918215613,1628.0,2920.5,5421.0,129.0,47029.942379182154,48747.86617100372,49984.0,22.117100371747213,46.0,21.12732342007435,45.0,evac-only_sorted_2026shelterseek_6_12_trajectory.csv
6,13,7000.0,861.0,0.123,1956.2450638792102,2071.0,2994.0,5779.0,99.0,47049.53542392567,49005.78048780488,50174.0,22.472706155632984,42.0,21.790940766550523,41.0,evac-only_sorted_2026shelterseek_6_13_trajectory.csv
6,14,7000.0,1623.0,0.23185714285714284,1752.8810844115835,1588.0,2866.0,3782.0,60.0,47078.323475046214,48831.204559457794,50109.8,17.514479359211336,22.0,16.72581638940234,22.0,evac-only_sorted_2026shelterseek_6_14_trajectory.csv
6,15,7000.0,707.0,0.101,1874.947666195191,1870.0,2862.7999999999997,5084.0,104.0,47047.732673267325,48922.68033946252,50143.4,25.01838755304102,42.0,24.502121640735503,41.0,evac-only_sorted_2026shelterseek_6_15_trajectory.csv
6,16,7000.0,1645.0,0.235,1790.6024316109422,1715.0,2760.6000000000004,3968.0,46.0,47076.11732522796,48866.71975683891,50089.8,21.972036474164135,34.0,21.213981762917932,33.0,evac-only_sorted_2026shelterseek_6_16_trajectory.csv
6,17,7000.0,909.0,0.12985714285714287,1592.4785478547856,1451.0,2631.8,4080.0,77.0,47047.21782178218,48639.696369636964,49879.8,22.06050605060506,32.0,21.178217821782177,31.0,evac-only_sorted_2026shelterseek_6_17_trajectory.csv
6,18,7000.0,1542.0,0.22028571428571428,1921.0667963683527,1915.5,2848.0,5175.0,60.0,47083.767833981845,49004.8346303502,50172.7,17.832036316472113,27.0,16.920233463035018,26.0,evac-only_sorted_2026shelterseek_6_18_trajectory.csv
6,19,7000.0,1771.0,0.253,1880.1609260304913,1877.0,2877.0,4423.0,115.0,47123.34500282326,49003.50592885375,50161.0,21.42066629023151,34.0,20.635234330886504,33.0,evac-only_sorted_2026shelterseek_6_19_trajectory.csv
6,20,7000.0,1166.0,0.16657142857142856,1838.2770154373927,1761.5,2990.5,4070.0,61.0,47051.235849056604,48889.512864494,50130.5,17.299313893653515,32.5,16.623499142367066,32.0,evac-only_sorted_2026shelterseek_6_20_trajectory.csv
6,21,7000.0,1351.0,0.193,1557.7772020725388,1432.0,2647.0,6278.0,110.0,47081.06883789785,48638.84603997039,49996.0,24.357512953367877,32.0,23.531458179126574,31.0,evac-only_sorted_2026shelterseek_6_21_trajectory.csv
6,22,7000.0,1365.0,0.195,1973.7567765567765,1929.0,2910.6000000000004,3604.0,63.0,47095.069597069596,49068.826373626376,50156.2,18.318681318681318,32.0,17.526007326007328,32.0,evac-only_sorted_2026shelterseek_6_22_trajectory.csv
6,23,7000.0,1578.0,0.22542857142857142,1743.3510773130545,1657.0,2711.2999999999993,5275.0,85.0,47117.4917617237,48860.842839036755,49943.2,21.85297845373891,35.0,20.919518377693283,34.0,evac-only_sorted_2026shelterseek_6_23_trajectory.csv
6,24,7000.0,1263.0,0.18042857142857144,1916.6144101346001,1933.0,2964.2,5319.0,62.0,47024.67775138559,48941.29216152019,50141.0,19.39588281868567,37.0,18.476642913697546,36.0,evac-only_sorted_2026shelterseek_6_24_trajectory.csv
6,25,7000.0,1567.0,0.22385714285714287,1652.1435864709636,1531.0,2669.0,4518.0,98.0,47106.02169751117,48758.16528398213,49915.8,22.15379706445437,35.0,21.22208040842374,34.0,evac-only_sorted_2026shelterseek_6_25_trajectory.csv
6,26,7000.0,1428.0,0.204,1740.4103641456581,1619.0,2772.2,5953.0,85.0,47111.5581232493,48851.96848739496,49998.6,18.580532212885153,33.0,17.688375350140056,32.0,evac-only_sorted_2026shelterseek_6_26_trajectory.csv
6,27,7000.0,1451.0,0.2072857142857143,2060.52377670572,2111.0,3004.0,4253.0,67.0,47001.30737422467,49061.83115093039,50165.0,19.14748449345279,42.0,18.323914541695384,41.0,evac-only_sorted_2026shelterseek_6_27_trajectory.csv
6,28,7000.0,1737.0,0.24814285714285714,1966.740932642487,1871.0,2932.6000000000004,4500.0,70.0,47088.504317789295,49055.24525043178,50133.4,17.717328727691424,37.0,16.86125503742084,37.0,evac-only_sorted_2026shelterseek_6_28_trajectory.csv
6,29,7000.0,707.0,0.101,2182.862800565771,2312.0,3234.6,3960.0,67.0,46923.70862800566,49106.57142857143,50221.8,26.495049504950494,49.0,25.574257425742573,48.0,evac-only_sorted_2026shelterseek_6_29_trajectory.csv
6,30,7000.0,1134.0,0.162,1897.0405643738977,1843.0,2987.0,4868.0,43.0,47097.7557319224,48994.7962962963,50069.1,25.14021164021164,35.0,24.206349206349206,35.0,evac-only_sorted_2026shelterseek_6_30_trajectory.csv
6,31,7000.0,1571.0,0.22442857142857142,2017.7364735837045,2012.0,2974.0,5011.0,59.0,47037.92488860599,49055.66136218969,50156.0,21.135582431572246,46.0,20.141311266709103,45.0,evac-only_sorted_2026shelterseek_6_31_trajectory.csv
6,32,7000.0,834.0,0.11914285714285715,1591.7458033573141,1378.0,2605.2000000000003,4864.0,63.0,47110.484412470025,48702.23021582734,49941.5,23.392086330935253,33.0,22.465227817745802,32.0,evac-only_sorted_2026shelterseek_6_32_trajectory.csv
6,33,7000.0,1316.0,0.188,2123.697568389058,2232.5,2963.0,4455.0,56.0,47121.40197568389,49245.099544072946,50166.0,23.643617021276597,37.0,22.86322188449848,36.0,evac-only_sorted_2026shelterseek_6_33_trajectory.csv
6,34,7000.0,1309.0,0.187,1931.90756302521,1933.0,2834.2000000000007,4830.0,38.0,47014.34377387319,48946.25133689839,50044.2,21.521772345301756,42.0,20.618029029793735,41.0,evac-only_sorted_2026shelterseek_6_34_trajectory.csv
6,35,7000.0,1009.0,0.14414285714285716,1778.376610505451,1685.0,2833.0,4958.0,60.0,47135.588701684836,48913.96531219029,50119.0,22.24777006937562,32.0,21.423191278493558,31.0,evac-only_sorted_2026shelterseek_6_35_trajectory.csv
6,36,7000.0,1244.0,0.1777142857142857,1595.2620578778135,1333.0,2728.0,5554.0,66.0,47083.86093247589,48679.122990353695,49972.1,20.678456591639872,34.0,19.791800643086816,33.0,evac-only_sorted_2026shelterseek_6_36_trajectory.csv
6,37,7000.0,1321.0,0.18871428571428572,1726.331566994701,1595.0,2854.0,4456.0,64.0,47076.346707040124,48802.67827403482,49950.0,23.23769871309614,33.0,22.34897804693414,32.0,evac-only_sorted_2026shelterseek_6_37_trajectory.csv
6,38,7000.0,1530.0,0.21857142857142858,1832.4679738562093,1615.5,3043.1000000000004,3837.0,39.0,47113.7,48946.16797385621,50115.2,18.779084967320262,29.0,17.880392156862744,29.0,evac-only_sorted_2026shelterseek_6_38_trajectory.csv
6,39,7000.0,1687.0,0.241,1754.8583283935982,1660.0,2806.2000000000003,5021.0,66.0,47046.77356253705,48801.63189093064,49880.2,19.58684054534677,30.0,18.617071724955544,29.0,evac-only_sorted_2026shelterseek_6_39_trajectory.csv
7,0,7000.0,729.0,0.10414285714285715,1807.4636488340193,1653.0,3156.6000000000004,4947.0,56.0,46960.98216735254,48768.445816186555,50251.2,21.29355281207133,34.0,20.66803840877915,34.0,evac-only_sorted_2026shelterseek_7_0_trajectory.csv
7,1,7000.0,1320.0,0.18857142857142858,1808.2992424242425,1761.0,2727.0,5275.0,84.0,47044.15833333333,48852.45757575757,49939.2,19.21818181818182,28.100000000000136,18.338636363636365,29.0,evac-only_sorted_2026shelterseek_7_1_trajectory.csv
7,2,7000.0,1207.0,0.17242857142857143,1900.357912178956,2035.0,2908.8,4298.0,56.0,47054.02568351284,48954.3835956918,50150.4,23.234465617232807,32.0,22.344656172328087,32.0,evac-only_sorted_2026shelterseek_7_2_trajectory.csv
7,3,7000.0,1389.0,0.19842857142857143,1867.1360691144707,1762.0,2821.0,5864.0,164.0,47113.36717062635,48980.50323974082,50110.6,24.953203743700502,43.0,24.077033837293015,42.0,evac-only_sorted_2026shelterseek_7_3_trajectory.csv
7,4,7000.0,1535.0,0.21928571428571428,1770.957003257329,1595.0,2798.2000000000003,4893.0,118.0,47111.673615635176,48882.63061889251,50092.2,19.981758957654723,33.0,19.10228013029316,32.0,evac-only_sorted_2026shelterseek_7_4_trajectory.csv
7,5,7000.0,1678.0,0.2397142857142857,1813.4523241954707,1767.0,2827.3,3540.0,64.0,47131.607866507744,48945.06019070322,50054.6,17.49642431466031,27.0,16.861740166865317,27.0,evac-only_sorted_2026shelterseek_7_5_trajectory.csv
7,6,7000.0,1310.0,0.18714285714285714,1830.8908396946565,1719.5,3011.1000000000004,4363.0,56.0,47042.29847328244,48873.1893129771,50139.4,24.96412213740458,47.0,24.05267175572519,46.0,evac-only_sorted_2026shelterseek_7_6_trajectory.csv
7,7,7000.0,1114.0,0.15914285714285714,1675.286355475763,1660.0,2702.7,4153.0,76.0,47069.675044883305,48744.96140035907,50012.4,21.485637342908436,42.0,20.710951526032314,41.0,evac-only_sorted_2026shelterseek_7_7_trajectory.csv
7,8,7000.0,2287.0,0.32671428571428573,1740.1084390030608,1727.0,2685.0,3508.0,58.0,47160.33712286839,48900.44556187145,50009.8,15.731088762571053,24.0,14.95671184958461,24.0,evac-only_sorted_2026shelterseek_7_8_trajectory.csv
7,9,7000.0,1303.0,0.18614285714285714,1982.5080583269378,2058.0,2900.6,3780.0,110.0,47068.9723714505,49051.48042977744,50088.0,19.02455871066769,40.0,18.17958557175748,39.0,evac-only_sorted_2026shelterseek_7_9_trajectory.csv
7,10,7000.0,1537.0,0.21957142857142858,1609.5243981782694,1446.0,2745.4,5398.0,69.0,47062.39037085231,48671.914769030576,49796.8,22.58490566037736,29.0,21.609629147690306,28.0,evac-only_sorted_2026shelterseek_7_10_trajectory.csv
7,11,7000.0,787.0,0.11242857142857143,1866.8043202033036,1719.0,2955.7999999999997,3560.0,88.0,46975.89707750953,48842.70139771283,50155.2,23.078780177890724,40.19999999999993,22.340533672172807,39.59999999999991,evac-only_sorted_2026shelterseek_7_11_trajectory.csv
7,12,7000.0,1297.0,0.18528571428571428,1901.0763299922899,1915.0,2912.8,4960.0,66.0,47093.396299151886,48994.47262914418,50098.0,20.014649190439474,43.0,19.190439475713184,43.0,evac-only_sorted_2026shelterseek_7_12_trajectory.csv
7,13,7000.0,1352.0,0.19314285714285714,1963.051775147929,1870.5,3055.700000000001,3704.0,116.0,47023.16789940828,48986.21967455621,50196.8,19.649408284023668,35.0,18.7603550295858,35.0,evac-only_sorted_2026shelterseek_7_13_trajectory.csv
7,14,7000.0,1172.0,0.16742857142857143,1707.192832764505,1601.0,2708.000000000001,4934.0,51.0,47092.83532423208,48800.02815699659,49974.7,24.43430034129693,32.0,23.476109215017065,31.0,evac-only_sorted_2026shelterseek_7_14_trajectory.csv
7,15,7000.0,997.0,0.14242857142857143,2013.9428284854564,2230.0,3009.6,3942.0,36.0,47071.46339017051,49085.40621865597,50167.4,22.65195586760281,47.0,22.076228686058176,46.0,evac-only_sorted_2026shelterseek_7_15_trajectory.csv
7,16,7000.0,1403.0,0.20042857142857143,1797.7619387027798,1784.0,2748.6,4844.0,55.0,47118.696364932286,48916.45830363507,50002.6,24.29151817533856,33.0,23.38774055595153,32.0,evac-only_sorted_2026shelterseek_7_16_trajectory.csv
7,17,7000.0,879.0,0.12557142857142858,1951.452787258248,1936.0,2935.8,5609.0,83.0,47053.79067121729,49005.24345847554,50103.8,19.67235494880546,31.0,18.795221843003414,30.0,evac-only_sorted_2026shelterseek_7_17_trajectory.csv
7,18,7000.0,1230.0,0.1757142857142857,1907.541463414634,1921.0,2998.800000000001,4445.0,78.0,47105.81707317073,49013.358536585365,50166.3,18.552032520325202,32.0,18.14390243902439,33.0,evac-only_sorted_2026shelterseek_7_18_trajectory.csv
7,19,7000.0,1758.0,0.25114285714285717,1906.4465301478954,1892.5,2900.8999999999996,4107.0,69.0,47100.07053469852,49006.51706484642,50081.3,19.11547212741752,31.0,18.13424345847554,30.0,evac-only_sorted_2026shelterseek_7_19_trajectory.csv
7,20,7000.0,1087.0,0.15528571428571428,1854.6844526218952,1769.0,2813.6,6132.0,63.0,47034.752529898804,48889.436982520696,50105.8,26.60625574977001,45.0,25.732290708371664,44.0,evac-only_sorted_2026shelterseek_7_20_trajectory.csv
7,21,7000.0,1464.0,0.20914285714285713,1796.1482240437158,1830.0,2891.8,4947.0,62.0,47083.71448087432,48879.862704918036,49984.7,18.85792349726776,28.0,17.969945355191257,27.0,evac-only_sorted_2026shelterseek_7_21_trajectory.csv
7,22,7000.0,1686.0,0.24085714285714285,2014.0652431791223,2033.0,2913.5,4208.0,71.0,47110.34045077106,49124.405693950175,50156.5,16.414590747330962,29.0,15.608540925266905,29.0,evac-only_sorted_2026shelterseek_7_22_trajectory.csv
7,23,7000.0,988.0,0.14114285714285715,1693.673076923077,1635.5,2465.3,3420.0,73.0,47119.13967611336,48812.812753036436,49881.9,24.527327935222672,29.0,23.596153846153847,28.0,evac-only_sorted_2026shelterseek_7_23_trajectory.csv
7,24,7000.0,1250.0,0.17857142857142858,1987.9192,1935.5,3055.4000000000005,5322.0,46.0,47003.0952,48991.0144,50155.1,21.2448,41.0,20.2824,40.0,evac-only_sorted_2026shelterseek_7_24_trajectory.csv
7,25,7000.0,1324.0,0.18914285714285714,1927.9712990936555,1952.5,2782.6000000000004,3459.0,63.0,47073.728096676736,49001.699395770396,50083.1,22.657099697885197,31.0,21.75906344410876,30.0,evac-only_sorted_2026shelterseek_7_25_trajectory.csv
7,26,7000.0,1708.0,0.244,1779.4145199063232,1705.0,2796.0,5266.0,56.0,47165.5462529274,48944.96077283372,50113.3,19.86943793911007,35.0,18.918032786885245,34.0,evac-only_sorted_2026shelterseek_7_26_trajectory.csv
7,27,7000.0,1311.0,0.18728571428571428,2073.12356979405,2077.0,3055.0,5011.0,67.0,47003.04500381388,49076.16857360793,50215.0,19.0045766590389,40.0,18.09077040427155,39.0,evac-only_sorted_2026shelterseek_7_27_trajectory.csv
7,28,7000.0,1667.0,0.23814285714285716,1956.0569886022795,1949.0,3020.0,5257.0,65.0,47009.14397120576,48965.20095980804,50160.0,20.27114577084583,27.0,19.589682063587283,26.0,evac-only_sorted_2026shelterseek_7_28_trajectory.csv
7,29,7000.0,1105.0,0.15785714285714286,1842.7909502262444,1894.0,2770.2,3841.0,49.0,47003.230769230766,48846.021719457014,50065.2,24.58823529411765,44.0,23.675113122171947,43.60000000000002,evac-only_sorted_2026shelterseek_7_29_trajectory.csv
7,30,7000.0,1479.0,0.2112857142857143,1749.5348208248818,1602.0,2814.2,4832.0,45.0,47090.9939148073,48840.528735632186,50084.6,20.88370520622042,33.0,19.90398918187965,32.0,evac-only_sorted_2026shelterseek_7_30_trajectory.csv
7,31,7000.0,938.0,0.134,1749.8518123667377,1598.5,2828.2000000000003,3528.0,53.0,46933.713219616206,48683.565031982944,49862.3,23.80810234541578,44.0,23.035181236673775,43.0,evac-only_sorted_2026shelterseek_7_31_trajectory.csv
7,32,7000.0,806.0,0.11514285714285714,1787.0682382133996,1563.0,2937.0,4753.0,95.0,47008.413151364766,48795.48138957816,50094.0,18.266749379652605,31.0,17.322580645161292,30.0,evac-only_sorted_2026shelterseek_7_32_trajectory.csv
7,33,7000.0,1629.0,0.2327142857142857,2054.547575199509,2086.0,3035.2,3882.0,32.0,47086.9693063229,49141.51688152241,50200.2,19.919582565991405,29.0,19.23327194597913,29.0,evac-only_sorted_2026shelterseek_7_33_trajectory.csv
7,34,7000.0,1370.0,0.1957142857142857,1803.9715328467153,1779.5,2753.0,5702.0,38.0,47019.457664233574,48823.429197080295,49904.0,21.568613138686132,34.0,20.57737226277372,33.0,evac-only_sorted_2026shelterseek_7_34_trajectory.csv
7,35,7000.0,1314.0,0.18771428571428572,1603.0304414003044,1438.5,2633.7,5196.0,99.0,47078.88584474886,48681.916286149164,49834.7,20.620243531202437,30.0,19.793759512937594,29.0,evac-only_sorted_2026shelterseek_7_35_trajectory.csv
7,36,7000.0,1048.0,0.14971428571428572,2069.6431297709923,2123.0,3026.8,6161.0,67.0,47026.564885496184,49096.20801526718,50185.6,20.5,32.0,19.52003816793893,31.0,evac-only_sorted_2026shelterseek_7_36_trajectory.csv
7,37,7000.0,1052.0,0.15028571428571427,1672.6596958174905,1523.5,2920.9,6598.0,152.0,46997.436311787074,48670.09600760456,50023.8,19.99334600760456,35.0,19.21577946768061,34.89999999999998,evac-only_sorted_2026shelterseek_7_37_trajectory.csv
7,38,7000.0,1729.0,0.247,1803.9028340080972,1608.0,2962.4,3589.0,104.0,47100.84962406015,48904.75245806825,50098.8,18.663967611336034,31.0,17.707923655292078,30.0,evac-only_sorted_2026shelterseek_7_38_trajectory.csv
7,39,7000.0,1458.0,0.2082857142857143,1628.6344307270233,1424.0,2841.0,4487.0,97.0,47051.906721536354,48680.54115226337,49884.9,20.472565157750342,29.0,19.513031550068586,28.0,evac-only_sorted_2026shelterseek_7_39_trajectory.csv
8,0,,,,,,,,,,,,,,,,
8,1,,,,,,,,,,,,,,,,
8,2,,,,,,,,,,,,,,,,
8,3,,,,,,,,,,,,,,,,
8,4,,,,,,,,,,,,,,,,
8,5,,,,,,,,,,,,,,,,
8,6,,,,,,,,,,,,,,,,
8,7,,,,,,,,,,,,,,,,
8,8,,,,,,,,,,,,,,,,
8,9,,,,,,,,,,,,,,,,
8,10,,,,,,,,,,,,,,,,
8,11,,,,,,,,,,,,,,,,
8,12,,,,,,,,,,,,,,,,
8,13,,,,,,,,,,,,,,,,
8,14,,,,,,,,,,,,,,,,
8,15,,,,,,,,,,,,,,,,
8,16,,,,,,,,,,,,,,,,
8,17,,,,,,,,,,,,,,,,
8,18,,,,,,,,,,,,,,,,
8,19,,,,,,,,,,,,,,,,
8,20,,,,,,,,,,,,,,,,
8,21,,,,,,,,,,,,,,,,
8,22,,,,,,,,,,,,,,,,
8,23,,,,,,,,,,,,,,,,
8,24,,,,,,,,,,,,,,,,
8,25,,,,,,,,,,,,,,,,
8,26,,,,,,,,,,,,,,,,
8,27,,,,,,,,,,,,,,,,
8,28,,,,,,,,,,,,,,,,
8,29,,,,,,,,,,,,,,,,
8,30,,,,,,,,,,,,,,,,
8,31,,,,,,,,,,,,,,,,
8,32,,,,,,,,,,,,,,,,
8,33,,,,,,,,,,,,,,,,
8,34,,,,,,,,,,,,,,,,
8,35,,,,,,,,,,,,,,,,
8,36,,,,,,,,,,,,,,,,
8,37,,,,,,,,,,,,,,,,
8,38,,,,,,,,,,,,,,,,
8,39,,,,,,,,,,,,,,,,
9,0,,,,,,,,,,,,,,,,
9,1,,,,,,,,,,,,,,,,
9,2,,,,,,,,,,,,,,,,
9,3,,,,,,,,,,,,,,,,
9,4,,,,,,,,,,,,,,,,
9,5,,,,,,,,,,,,,,,,
9,6,,,,,,,,,,,,,,,,
9,7,,,,,,,,,,,,,,,,
9,8,,,,,,,,,,,,,,,,
9,9,,,,,,,,,,,,,,,,
9,10,,,,,,,,,,,,,,,,
9,11,,,,,,,,,,,,,,,,
9,12,,,,,,,,,,,,,,,,
9,13,,,,,,,,,,,,,,,,
9,14,,,,,,,,,,,,,,,,
9,15,,,,,,,,,,,,,,,,
9,16,,,,,,,,,,,,,,,,
9,17,,,,,,,,,,,,,,,,
9,18,,,,,,,,,,,,,,,,
9,19,,,,,,,,,,,,,,,,
9,20,,,,,,,,,,,,,,,,
9,21,,,,,,,,,,,,,,,,
9,22,,,,,,,,,,,,,,,,
9,23,,,,,,,,,,,,,,,,
9,24,,,,,,,,,,,,,,,,
9,25,,,,,,,,,,,,,,,,
9,26,,,,,,,,,,,,,,,,
9,27,,,,,,,,,,,,,,,,
9,28,,,,,,,,,,,,,,,,
9,29,,,,,,,,,,,,,,,,
9,30,,,,,,,,,,,,,,,,
9,31,,,,,,,,,,,,,,,,
9,32,,,,,,,,,,,,,,,,
9,33,,,,,,,,,,,,,,,,
9,34,,,,,,,,,,,,,,,,
9,35,,,,,,,,,,,,,,,,
9,36,,,,,,,,,,,,,,,,
9,37,,,,,,,,,,,,,,,,
9,38,,,,,,,,,,,,,,,,
9,39,,,,,,,,,,,,,,,,
10,0,,,,,,,,,,,,,,,,
10,1,,,,,,,,,,,,,,,,
10,2,,,,,,,,,,,,,,,,
10,3,,,,,,,,,,,,,,,,
10,4,,,,,,,,,,,,,,,,
10,5,,,,,,,,,,,,,,,,
10,6,,,,,,,,,,,,,,,,
10,7,,,,,,,,,,,,,,,,
10,8,,,,,,,,,,,,,,,,
10,9,,,,,,,,,,,,,,,,
10,10,,,,,,,,,,,,,,,,
10,11,,,,,,,,,,,,,,,,
10,12,,,,,,,,,,,,,,,,
10,13,,,,,,,,,,,,,,,,
10,14,,,,,,,,,,,,,,,,
10,15,,,,,,,,,,,,,,,,
10,16,,,,,,,,,,,,,,,,
10,17,,,,,,,,,,,,,,,,
10,18,,,,,,,,,,,,,,,,
10,19,,,,,,,,,,,,,,,,
10,20,,,,,,,,,,,,,,,,
10,21,,,,,,,,,,,,,,,,
10,22,,,,,,,,,,,,,,,,
10,23,,,,,,,,,,,,,,,,
10,24,,,,,,,,,,,,,,,,
10,25,,,,,,,,,,,,,,,,
10,26,,,,,,,,,,,,,,,,
10,27,,,,,,,,,,,,,,,,
10,28,,,,,,,,,,,,,,,,
10,29,,,,,,,,,,,,,,,,
10,30,,,,,,,,,,,,,,,,
10,31,,,,,,,,,,,,,,,,
10,32,,,,,,,,,,,,,,,,
10,33,,,,,,,,,,,,,,,,
10,34,,,,,,,,,,,,,,,,
10,35,,,,,,,,,,,,,,,,
10,36,,,,,,,,,,,,,,,,
10,37,,,,,,,,,,,,,,,,
10,38,,,,,,,,,,,,,,,,
10,39,,,,,,,,,,,,,,,,
11,0,,,,,,,,,,,,,,,,
11,1,,,,,,,,,,,,,,,,
11,2,,,,,,,,,,,,,,,,
11,3,,,,,,,,,,,,,,,,
11,4,,,,,,,,,,,,,,,,
11,5,,,,,,,,,,,,,,,,
11,6,,,,,,,,,,,,,,,,
11,7,,,,,,,,,,,,,,,,
11,8,,,,,,,,,,,,,,,,
11,9,,,,,,,,,,,,,,,,
11,10,,,,,,,,,,,,,,,,
11,11,,,,,,,,,,,,,,,,
11,12,,,,,,,,,,,,,,,,
11,13,,,,,,,,,,,,,,,,
11,14,,,,,,,,,,,,,,,,
11,15,,,,,,,,,,,,,,,,
11,16,,,,,,,,,,,,,,,,
11,17,,,,,,,,,,,,,,,,
11,18,,,,,,,,,,,,,,,,
11,19,,,,,,,,,,,,,,,,
11,20,,,,,,,,,,,,,,,,
11,21,,,,,,,,,,,,,,,,
11,22,,,,,,,,,,,,,,,,
11,23,,,,,,,,,,,,,,,,
11,24,,,,,,,,,,,,,,,,
11,25,,,,,,,,,,,,,,,,
11,26,,,,,,,,,,,,,,,,
11,27,,,,,,,,,,,,,,,,
11,28,,,,,,,,,,,,,,,,
11,29,,,,,,,,,,,,,,,,
11,30,,,,,,,,,,,,,,,,
11,31,,,,,,,,,,,,,,,,
11,32,,,,,,,,,,,,,,,,
11,33,,,,,,,,,,,,,,,,
11,34,,,,,,,,,,,,,,,,
11,35,,,,,,,,,,,,,,,,
11,36,,,,,,,,,,,,,,,,
11,37,,,,,,,,,,,,,,,,
11,38,,,,,,,,,,,,,,,,
11,39,,,,,,,,,,,,,,,,
12,0,,,,,,,,,,,,,,,,
12,1,,,,,,,,,,,,,,,,
12,2,,,,,,,,,,,,,,,,
12,3,,,,,,,,,,,,,,,,
12,4,,,,,,,,,,,,,,,,
12,5,,,,,,,,,,,,,,,,
12,6,,,,,,,,,,,,,,,,
12,7,,,,,,,,,,,,,,,,
12,8,,,,,,,,,,,,,,,,
12,9,,,,,,,,,,,,,,,,
12,10,,,,,,,,,,,,,,,,
12,11,,,,,,,,,,,,,,,,
12,12,,,,,,,,,,,,,,,,
12,13,,,,,,,,,,,,,,,,
12,14,,,,,,,,,,,,,,,,
12,15,,,,,,,,,,,,,,,,
12,16,,,,,,,,,,,,,,,,
12,17,,,,,,,,,,,,,,,,
12,18,,,,,,,,,,,,,,,,
12,19,,,,,,,,,,,,,,,,
12,20,,,,,,,,,,,,,,,,
12,21,,,,,,,,,,,,,,,,
12,22,,,,,,,,,,,,,,,,
12,23,,,,,,,,,,,,,,,,
12,24,,,,,,,,,,,,,,,,
12,25,,,,,,,,,,,,,,,,
12,26,,,,,,,,,,,,,,,,
12,27,,,,,,,,,,,,,,,,
12,28,,,,,,,,,,,,,,,,
12,29,,,,,,,,,,,,,,,,
12,30,,,,,,,,,,,,,,,,
12,31,,,,,,,,,,,,,,,,
12,32,,,,,,,,,,,,,,,,
12,33,,,,,,,,,,,,,,,,
12,34,,,,,,,,,,,,,,,,
12,35,,,,,,,,,,,,,,,,
12,36,,,,,,,,,,,,,,,,
12,37,,,,,,,,,,,,,,,,
12,38,,,,,,,,,,,,,,,,
12,39,,,,,,,,,,,,,,,,
13,0,,,,,,,,,,,,,,,,
13,1,,,,,,,,,,,,,,,,
13,2,,,,,,,,,,,,,,,,
13,3,,,,,,,,,,,,,,,,
13,4,,,,,,,,,,,,,,,,
13,5,,,,,,,,,,,,,,,,
13,6,,,,,,,,,,,,,,,,
13,7,,,,,,,,,,,,,,,,
13,8,,,,,,,,,,,,,,,,
13,9,,,,,,,,,,,,,,,,
13,10,,,,,,,,,,,,,,,,
13,11,,,,,,,,,,,,,,,,
13,12,,,,,,,,,,,,,,,,
13,13,,,,,,,,,,,,,,,,
13,14,,,,,,,,,,,,,,,,
13,15,,,,,,,,,,,,,,,,
13,16,,,,,,,,,,,,,,,,
13,17,,,,,,,,,,,,,,,,
13,18,,,,,,,,,,,,,,,,
13,19,,,,,,,,,,,,,,,,
13,20,,,,,,,,,,,,,,,,
13,21,,,,,,,,,,,,,,,,
13,22,,,,,,,,,,,,,,,,
13,23,,,,,,,,,,,,,,,,
13,24,,,,,,,,,,,,,,,,
13,25,,,,,,,,,,,,,,,,
13,26,,,,,,,,,,,,,,,,
13,27,,,,,,,,,,,,,,,,
13,28,,,,,,,,,,,,,,,,
13,29,,,,,,,,,,,,,,,,
13,30,,,,,,,,,,,,,,,,
13,31,,,,,,,,,,,,,,,,
13,32,,,,,,,,,,,,,,,,
13,33,,,,,,,,,,,,,,,,
13,34,,,,,,,,,,,,,,,,
13,35,,,,,,,,,,,,,,,,
13,36,,,,,,,,,,,,,,,,
13,37,,,,,,,,,,,,,,,,
13,38,,,,,,,,,,,,,,,,
13,39,,,,,,,,,,,,,,,,
14,0,,,,,,,,,,,,,,,,
14,1,,,,,,,,,,,,,,,,
14,2,,,,,,,,,,,,,,,,
14,3,,,,,,,,,,,,,,,,
14,4,,,,,,,,,,,,,,,,
14,5,,,,,,,,,,,,,,,,
14,6,,,,,,,,,,,,,,,,
14,7,,,,,,,,,,,,,,,,
14,8,,,,,,,,,,,,,,,,
14,9,,,,,,,,,,,,,,,,
14,10,,,,,,,,,,,,,,,,
14,11,,,,,,,,,,,,,,,,
14,12,,,,,,,,,,,,,,,,
14,13,,,,,,,,,,,,,,,,
14,14,,,,,,,,,,,,,,,,
14,15,,,,,,,,,,,,,,,,
14,16,,,,,,,,,,,,,,,,
14,17,,,,,,,,,,,,,,,,
14,18,,,,,,,,,,,,,,,,
14,19,,,,,,,,,,,,,,,,
14,20,,,,,,,,,,,,,,,,
14,21,,,,,,,,,,,,,,,,
14,22,,,,,,,,,,,,,,,,
14,23,,,,,,,,,,,,,,,,
14,24,,,,,,,,,,,,,,,,
14,25,,,,,,,,,,,,,,,,
14,26,,,,,,,,,,,,,,,,
14,27,,,,,,,,,,,,,,,,
14,28,,,,,,,,,,,,,,,,
14,29,,,,,,,,,,,,,,,,
14,30,,,,,,,,,,,,,,,,
14,31,,,,,,,,,,,,,,,,
14,32,,,,,,,,,,,,,,,,
14,33,,,,,,,,,,,,,,,,
14,34,,,,,,,,,,,,,,,,
14,35,,,,,,,,,,,,,,,,
14,36,,,,,,,,,,,,,,,,
14,37,,,,,,,,,,,,,,,,
14,38,,,,,,,,,,,,,,,,
14,39,,,,,,,,,,,,,,,,
15,0,,,,,,,,,,,,,,,,
15,1,,,,,,,,,,,,,,,,
15,2,,,,,,,,,,,,,,,,
15,3,,,,,,,,,,,,,,,,
15,4,,,,,,,,,,,,,,,,
15,5,,,,,,,,,,,,,,,,
15,6,,,,,,,,,,,,,,,,
15,7,,,,,,,,,,,,,,,,
15,8,,,,,,,,,,,,,,,,
15,9,,,,,,,,,,,,,,,,
15,10,,,,,,,,,,,,,,,,
15,11,,,,,,,,,,,,,,,,
15,12,,,,,,,,,,,,,,,,
15,13,,,,,,,,,,,,,,,,
15,14,,,,,,,,,,,,,,,,
15,15,,,,,,,,,,,,,,,,
15,16,,,,,,,,,,,,,,,,
15,17,,,,,,,,,,,,,,,,
15,18,,,,,,,,,,,,,,,,
15,19,,,,,,,,,,,,,,,,
15,20,,,,,,,,,,,,,,,,
15,21,,,,,,,,,,,,,,,,
15,22,,,,,,,,,,,,,,,,
15,23,,,,,,,,,,,,,,,,
15,24,,,,,,,,,,,,,,,,
15,25,,,,,,,,,,,,,,,,
15,26,,,,,,,,,,,,,,,,
15,27,,,,,,,,,,,,,,,,
15,28,,,,,,,,,,,,,,,,
15,29,,,,,,,,,,,,,,,,
15,30,,,,,,,,,,,,,,,,
15,31,,,,,,,,,,,,,,,,
15,32,,,,,,,,,,,,,,,,
15,33,,,,,,,,,,,,,,,,
15,34,,,,,,,,,,,,,,,,
15,35,,,,,,,,,,,,,,,,
15,36,,,,,,,,,,,,,,,,
15,37,,,,,,,,,,,,,,,,
15,38,,,,,,,,,,,,,,,,
15,39,,,,,,,,,,,,,,,,
16,0,,,,,,,,,,,,,,,,
16,1,,,,,,,,,,,,,,,,
16,2,,,,,,,,,,,,,,,,
16,3,,,,,,,,,,,,,,,,
16,4,,,,,,,,,,,,,,,,
16,5,,,,,,,,,,,,,,,,
16,6,,,,,,,,,,,,,,,,
16,7,,,,,,,,,,,,,,,,
16,8,,,,,,,,,,,,,,,,
16,9,,,,,,,,,,,,,,,,
16,10,,,,,,,,,,,,,,,,
16,11,,,,,,,,,,,,,,,,
16,12,,,,,,,,,,,,,,,,
16,13,,,,,,,,,,,,,,,,
16,14,,,,,,,,,,,,,,,,
16,15,,,,,,,,,,,,,,,,
16,16,,,,,,,,,,,,,,,,
16,17,,,,,,,,,,,,,,,,
16,18,,,,,,,,,,,,,,,,
16,19,,,,,,,,,,,,,,,,
16,20,,,,,,,,,,,,,,,,
16,21,,,,,,,,,,,,,,,,
16,22,,,,,,,,,,,,,,,,
16,23,,,,,,,,,,,,,,,,
16,24,,,,,,,,,,,,,,,,
16,25,,,,,,,,,,,,,,,,
16,26,,,,,,,,,,,,,,,,
16,27,,,,,,,,,,,,,,,,
16,28,,,,,,,,,,,,,,,,
16,29,,,,,,,,,,,,,,,,
16,30,,,,,,,,,,,,,,,,
16,31,,,,,,,,,,,,,,,,
16,32,,,,,,,,,,,,,,,,
16,33,,,,,,,,,,,,,,,,
16,34,,,,,,,,,,,,,,,,
16,35,,,,,,,,,,,,,,,,
16,36,,,,,,,,,,,,,,,,
16,37,,,,,,,,,,,,,,,,
16,38,,,,,,,,,,,,,,,,
16,39,,,,,,,,,,,,,,,,
17,0,,,,,,,,,,,,,,,,
17,1,,,,,,,,,,,,,,,,
17,2,,,,,,,,,,,,,,,,
17,3,,,,,,,,,,,,,,,,
17,4,,,,,,,,,,,,,,,,
17,5,,,,,,,,,,,,,,,,
17,6,,,,,,,,,,,,,,,,
17,7,,,,,,,,,,,,,,,,
17,8,,,,,,,,,,,,,,,,
17,9,,,,,,,,,,,,,,,,
17,10,,,,,,,,,,,,,,,,
17,11,,,,,,,,,,,,,,,,
17,12,,,,,,,,,,,,,,,,
17,13,,,,,,,,,,,,,,,,
17,14,,,,,,,,,,,,,,,,
17,15,,,,,,,,,,,,,,,,
17,16,,,,,,,,,,,,,,,,
17,17,,,,,,,,,,,,,,,,
17,18,,,,,,,,,,,,,,,,
17,19,,,,,,,,,,,,,,,,
17,20,,,,,,,,,,,,,,,,
17,21,,,,,,,,,,,,,,,,
17,22,,,,,,,,,,,,,,,,
17,23,,,,,,,,,,,,,,,,
17,24,,,,,,,,,,,,,,,,
17,25,,,,,,,,,,,,,,,,
17,26,,,,,,,,,,,,,,,,
17,27,,,,,,,,,,,,,,,,
17,28,,,,,,,,,,,,,,,,
17,29,,,,,,,,,,,,,,,,
17,30,,,,,,,,,,,,,,,,
17,31,,,,,,,,,,,,,,,,
17,32,,,,,,,,,,,,,,,,
17,33,,,,,,,,,,,,,,,,
17,34,,,,,,,,,,,,,,,,
17,35,,,,,,,,,,,,,,,,
17,36,,,,,,,,,,,,,,,,
17,37,,,,,,,,,,,,,,,,
17,38,,,,,,,,,,,,,,,,
17,39,,,,,,,,,,,,,,,,
18,0,,,,,,,,,,,,,,,,
18,1,,,,,,,,,,,,,,,,
18,2,,,,,,,,,,,,,,,,
18,3,,,,,,,,,,,,,,,,
18,4,,,,,,,,,,,,,,,,
18,5,,,,,,,,,,,,,,,,
18,6,,,,,,,,,,,,,,,,
18,7,,,,,,,,,,,,,,,,
18,8,,,,,,,,,,,,,,,,
18,9,,,,,,,,,,,,,,,,
18,10,,,,,,,,,,,,,,,,
18,11,,,,,,,,,,,,,,,,
18,12,,,,,,,,,,,,,,,,
18,13,,,,,,,,,,,,,,,,
18,14,,,,,,,,,,,,,,,,
18,15,,,,,,,,,,,,,,,,
18,16,,,,,,,,,,,,,,,,
18,17,,,,,,,,,,,,,,,,
18,18,,,,,,,,,,,,,,,,
18,19,,,,,,,,,,,,,,,,
18,20,,,,,,,,,,,,,,,,
18,21,,,,,,,,,,,,,,,,
18,22,,,,,,,,,,,,,,,,
18,23,,,,,,,,,,,,,,,,
18,24,,,,,,,,,,,,,,,,
18,25,,,,,,,,,,,,,,,,
18,26,,,,,,,,,,,,,,,,
18,27,,,,,,,,,,,,,,,,
18,28,,,,,,,,,,,,,,,,
18,29,,,,,,,,,,,,,,,,
18,30,,,,,,,,,,,,,,,,
18,31,,,,,,,,,,,,,,,,
18,32,,,,,,,,,,,,,,,,
18,33,,,,,,,,,,,,,,,,
18,34,,,,,,,,,,,,,,,,
18,35,,,,,,,,,,,,,,,,
18,36,,,,,,,,,,,,,,,,
18,37,,,,,,,,,,,,,,,,
18,38,,,,,,,,,,,,,,,,
18,39,,,,,,,,,,,,,,,,
19,0,,,,,,,,,,,,,,,,
19,1,,,,,,,,,,,,,,,,
19,2,,,,,,,,,,,,,,,,
19,3,,,,,,,,,,,,,,,,
19,4,,,,,,,,,,,,,,,,
19,5,,,,,,,,,,,,,,,,
19,6,,,,,,,,,,,,,,,,
19,7,,,,,,,,,,,,,,,,
19,8,,,,,,,,,,,,,,,,
19,9,,,,,,,,,,,,,,,,
19,10,,,,,,,,,,,,,,,,
19,11,,,,,,,,,,,,,,,,
19,12,,,,,,,,,,,,,,,,
19,13,,,,,,,,,,,,,,,,
19,14,,,,,,,,,,,,,,,,
19,15,,,,,,,,,,,,,,,,
19,16,,,,,,,,,,,,,,,,
19,17,,,,,,,,,,,,,,,,
19,18,,,,,,,,,,,,,,,,
19,19,,,,,,,,,,,,,,,,
19,20,,,,,,,,,,,,,,,,
19,21,,,,,,,,,,,,,,,,
19,22,,,,,,,,,,,,,,,,
19,23,,,,,,,,,,,,,,,,
19,24,,,,,,,,,,,,,,,,
19,25,,,,,,,,,,,,,,,,
19,26,,,,,,,,,,,,,,,,
19,27,,,,,,,,,,,,,,,,
19,28,,,,,,,,,,,,,,,,
19,29,,,,,,,,,,,,,,,,
19,30,,,,,,,,,,,,,,,,
19,31,,,,,,,,,,,,,,,,
19,32,,,,,,,,,,,,,,,,
19,33,,,,,,,,,,,,,,,,
19,34,,,,,,,,,,,,,,,,
19,35,,,,,,,,,,,,,,,,
19,36,,,,,,,,,,,,,,,,
19,37,,,,,,,,,,,,,,,,
19,38,,,,,,,,,,,,,,,,
19,39,,,,,,,,,,,,,,,,
20,0,,,,,,,,,,,,,,,,
20,1,,,,,,,,,,,,,,,,
20,2,,,,,,,,,,,,,,,,
20,3,,,,,,,,,,,,,,,,
20,4,,,,,,,,,,,,,,,,
20,5,,,,,,,,,,,,,,,,
20,6,,,,,,,,,,,,,,,,
20,7,,,,,,,,,,,,,,,,
20,8,,,,,,,,,,,,,,,,
20,9,,,,,,,,,,,,,,,,
20,10,,,,,,,,,,,,,,,,
20,11,,,,,,,,,,,,,,,,
20,12,,,,,,,,,,,,,,,,
20,13,,,,,,,,,,,,,,,,
20,14,,,,,,,,,,,,,,,,
20,15,,,,,,,,,,,,,,,,
20,16,,,,,,,,,,,,,,,,
20,17,,,,,,,,,,,,,,,,
20,18,,,,,,,,,,,,,,,,
20,19,,,,,,,,,,,,,,,,
20,20,,,,,,,,,,,,,,,,
20,21,,,,,,,,,,,,,,,,
20,22,,,,,,,,,,,,,,,,
20,23,,,,,,,,,,,,,,,,
20,24,,,,,,,,,,,,,,,,
20,25,,,,,,,,,,,,,,,,
20,26,,,,,,,,,,,,,,,,
20,27,,,,,,,,,,,,,,,,
20,28,,,,,,,,,,,,,,,,
20,29,,,,,,,,,,,,,,,,
20,30,,,,,,,,,,,,,,,,
20,31,,,,,,,,,,,,,,,,
20,32,,,,,,,,,,,,,,,,
20,33,,,,,,,,,,,,,,,,
20,34,,,,,,,,,,,,,,,,
20,35,,,,,,,,,,,,,,,,
20,36,,,,,,,,,,,,,,,,
20,37,,,,,,,,,,,,,,,,
20,38,,,,,,,,,,,,,,,,
20,39,,,,,,,,,,,,,,,,
21,0,,,,,,,,,,,,,,,,
21,1,,,,,,,,,,,,,,,,
21,2,,,,,,,,,,,,,,,,
21,3,,,,,,,,,,,,,,,,
21,4,,,,,,,,,,,,,,,,
21,5,,,,,,,,,,,,,,,,
21,6,,,,,,,,,,,,,,,,
21,7,,,,,,,,,,,,,,,,
21,8,,,,,,,,,,,,,,,,
21,9,,,,,,,,,,,,,,,,
21,10,,,,,,,,,,,,,,,,
21,11,,,,,,,,,,,,,,,,
21,12,,,,,,,,,,,,,,,,
21,13,,,,,,,,,,,,,,,,
21,14,,,,,,,,,,,,,,,,
21,15,,,,,,,,,,,,,,,,
21,16,,,,,,,,,,,,,,,,
21,17,,,,,,,,,,,,,,,,
21,18,,,,,,,,,,,,,,,,
21,19,,,,,,,,,,,,,,,,
21,20,,,,,,,,,,,,,,,,
21,21,,,,,,,,,,,,,,,,
21,22,,,,,,,,,,,,,,,,
21,23,,,,,,,,,,,,,,,,
21,24,,,,,,,,,,,,,,,,
21,25,,,,,,,,,,,,,,,,
21,26,,,,,,,,,,,,,,,,
21,27,,,,,,,,,,,,,,,,
21,28,,,,,,,,,,,,,,,,
21,29,,,,,,,,,,,,,,,,
21,30,,,,,,,,,,,,,,,,
21,31,,,,,,,,,,,,,,,,
21,32,,,,,,,,,,,,,,,,
21,33,,,,,,,,,,,,,,,,
21,34,,,,,,,,,,,,,,,,
21,35,,,,,,,,,,,,,,,,
21,36,,,,,,,,,,,,,,,,
21,37,,,,,,,,,,,,,,,,
21,38,,,,,,,,,,,,,,,,
21,39,,,,,,,,,,,,,,,,
22,0,,,,,,,,,,,,,,,,
22,1,,,,,,,,,,,,,,,,
22,2,,,,,,,,,,,,,,,,
22,3,,,,,,,,,,,,,,,,
22,4,,,,,,,,,,,,,,,,
22,5,,,,,,,,,,,,,,,,
22,6,,,,,,,,,,,,,,,,
22,7,,,,,,,,,,,,,,,,
22,8,,,,,,,,,,,,,,,,
22,9,,,,,,,,,,,,,,,,
22,10,,,,,,,,,,,,,,,,
22,11,,,,,,,,,,,,,,,,
22,12,,,,,,,,,,,,,,,,
22,13,,,,,,,,,,,,,,,,
22,14,,,,,,,,,,,,,,,,
22,15,,,,,,,,,,,,,,,,
22,16,,,,,,,,,,,,,,,,
22,17,,,,,,,,,,,,,,,,
22,18,,,,,,,,,,,,,,,,
22,19,,,,,,,,,,,,,,,,
22,20,,,,,,,,,,,,,,,,
22,21,,,,,,,,,,,,,,,,
22,22,,,,,,,,,,,,,,,,
22,23,,,,,,,,,,,,,,,,
22,24,,,,,,,,,,,,,,,,
22,25,,,,,,,,,,,,,,,,
22,26,,,,,,,,,,,,,,,,
22,27,,,,,,,,,,,,,,,,
22,28,,,,,,,,,,,,,,,,
22,29,,,,,,,,,,,,,,,,
22,30,,,,,,,,,,,,,,,,
22,31,,,,,,,,,,,,,,,,
22,32,,,,,,,,,,,,,,,,
22,33,,,,,,,,,,,,,,,,
22,34,,,,,,,,,,,,,,,,
22,35,,,,,,,,,,,,,,,,
22,36,,,,,,,,,,,,,,,,
22,37,,,,,,,,,,,,,,,,
22,38,,,,,,,,,,,,,,,,
22,39,,,,,,,,,,,,,,,,
23,0,,,,,,,,,,,,,,,,
23,1,,,,,,,,,,,,,,,,
23,2,,,,,,,,,,,,,,,,
23,3,,,,,,,,,,,,,,,,
23,4,,,,,,,,,,,,,,,,
23,5,,,,,,,,,,,,,,,,
23,6,,,,,,,,,,,,,,,,
23,7,,,,,,,,,,,,,,,,
23,8,,,,,,,,,,,,,,,,
23,9,,,,,,,,,,,,,,,,
23,10,,,,,,,,,,,,,,,,
23,11,,,,,,,,,,,,,,,,
23,12,,,,,,,,,,,,,,,,
23,13,,,,,,,,,,,,,,,,
23,14,,,,,,,,,,,,,,,,
23,15,,,,,,,,,,,,,,,,
23,16,,,,,,,,,,,,,,,,
23,17,,,,,,,,,,,,,,,,
23,18,,,,,,,,,,,,,,,,
23,19,,,,,,,,,,,,,,,,
23,20,,,,,,,,,,,,,,,,
23,21,,,,,,,,,,,,,,,,
23,22,,,,,,,,,,,,,,,,
23,23,,,,,,,,,,,,,,,,
23,24,,,,,,,,,,,,,,,,
23,25,,,,,,,,,,,,,,,,
23,26,,,,,,,,,,,,,,,,
23,27,,,,,,,,,,,,,,,,
23,28,,,,,,,,,,,,,,,,
23,29,,,,,,,,,,,,,,,,
23,30,,,,,,,,,,,,,,,,
23,31,,,,,,,,,,,,,,,,
23,32,,,,,,,,,,,,,,,,
23,33,,,,,,,,,,,,,,,,
23,34,,,,,,,,,,,,,,,,
23,35,,,,,,,,,,,,,,,,
23,36,,,,,,,,,,,,,,,,
23,37,,,,,,,,,,,,,,,,
23,38,,,,,,,,,,,,,,,,
23,39,,,,,,,,,,,,,,,,
24,0,,,,,,,,,,,,,,,,
24,1,,,,,,,,,,,,,,,,
24,2,,,,,,,,,,,,,,,,
24,3,,,,,,,,,,,,,,,,
24,4,,,,,,,,,,,,,,,,
24,5,,,,,,,,,,,,,,,,
24,6,,,,,,,,,,,,,,,,
24,7,,,,,,,,,,,,,,,,
24,8,,,,,,,,,,,,,,,,
24,9,,,,,,,,,,,,,,,,
24,10,,,,,,,,,,,,,,,,
24,11,,,,,,,,,,,,,,,,
24,12,,,,,,,,,,,,,,,,
24,13,,,,,,,,,,,,,,,,
24,14,,,,,,,,,,,,,,,,
24,15,,,,,,,,,,,,,,,,
24,16,,,,,,,,,,,,,,,,
24,17,,,,,,,,,,,,,,,,
24,18,,,,,,,,,,,,,,,,
24,19,,,,,,,,,,,,,,,,
24,20,,,,,,,,,,,,,,,,
24,21,,,,,,,,,,,,,,,,
24,22,,,,,,,,,,,,,,,,
24,23,,,,,,,,,,,,,,,,
24,24,,,,,,,,,,,,,,,,
24,25,,,,,,,,,,,,,,,,
24,26,,,,,,,,,,,,,,,,
24,27,,,,,,,,,,,,,,,,
24,28,,,,,,,,,,,,,,,,
24,29,,,,,,,,,,,,,,,,
24,30,,,,,,,,,,,,,,,,
24,31,,,,,,,,,,,,,,,,
24,32,,,,,,,,,,,,,,,,
24,33,,,,,,,,,,,,,,,,
24,34,,,,,,,,,,,,,,,,
24,35,,,,,,,,,,,,,,,,
24,36,,,,,,,,,,,,,,,,
24,37,,,,,,,,,,,,,,,,
24,38,,,,,,,,,,,,,,,,
24,39,,,,,,,,,,,,,,,,
25,0,,,,,,,,,,,,,,,,
25,1,,,,,,,,,,,,,,,,
25,2,,,,,,,,,,,,,,,,
25,3,,,,,,,,,,,,,,,,
25,4,,,,,,,,,,,,,,,,
25,5,,,,,,,,,,,,,,,,
25,6,,,,,,,,,,,,,,,,
25,7,,,,,,,,,,,,,,,,
25,8,,,,,,,,,,,,,,,,
25,9,,,,,,,,,,,,,,,,
25,10,,,,,,,,,,,,,,,,
25,11,,,,,,,,,,,,,,,,
25,12,,,,,,,,,,,,,,,,
25,13,,,,,,,,,,,,,,,,
25,14,,,,,,,,,,,,,,,,
25,15,,,,,,,,,,,,,,,,
25,16,,,,,,,,,,,,,,,,
25,17,,,,,,,,,,,,,,,,
25,18,,,,,,,,,,,,,,,,
25,19,,,,,,,,,,,,,,,,
25,20,,,,,,,,,,,,,,,,
25,21,,,,,,,,,,,,,,,,
25,22,,,,,,,,,,,,,,,,
25,23,,,,,,,,,,,,,,,,
25,24,,,,,,,,,,,,,,,,
25,25,,,,,,,,,,,,,,,,
25,26,,,,,,,,,,,,,,,,
25,27,,,,,,,,,,,,,,,,
25,28,,,,,,,,,,,,,,,,
25,29,,,,,,,,,,,,,,,,
25,30,,,,,,,,,,,,,,,,
25,31,,,,,,,,,,,,,,,,
25,32,,,,,,,,,,,,,,,,
25,33,,,,,,,,,,,,,,,,
25,34,,,,,,,,,,,,,,,,
25,35,,,,,,,,,,,,,,,,
25,36,,,,,,,,,,,,,,,,
25,37,,,,,,,,,,,,,,,,
25,38,,,,,,,,,,,,,,,,
25,39,,,,,,,,,,,,,,,,
